set,competence,seed,outcome,time_s,hp_frac,rival_hp_frac,rival_bound,phases_broken,phase2_s,phase3_s,signature,signature_s,player_tier,rival_tier,sunfall_casts,sunfall_loosed,sunfall_blinked,sunfall_hit,sunfall_missed,walls,split_casts,plants
live,1.00,1,loss,32.8833,0.0000,0.0721,1,2,13.0833,18.8000,1,18.8000,3,3,1,1,0,0,1,3,0,4
live,1.00,2,win,26.3333,0.5825,0.0000,1,2,12.0167,18.9167,1,18.9167,3,3,1,1,0,0,1,4,0,1
live,1.00,3,win,33.1667,0.0257,0.0000,1,2,14.3833,24.4333,1,24.4333,3,3,1,1,1,0,0,3,0,2
live,1.00,4,win,33.6667,0.3583,0.0000,1,2,13.0500,21.4667,1,21.4667,3,3,1,1,1,0,0,3,0,3
live,1.00,5,win,27.4667,0.7520,0.0000,1,2,13.2167,20.1000,1,20.1000,3,3,1,1,0,0,1,3,0,1
live,1.00,6,loss,23.9500,0.0000,0.2663,1,2,14.5333,21.9500,1,21.9500,3,3,1,1,0,1,0,3,0,2
live,1.00,7,win,33.1667,0.0657,0.0000,1,2,16.4167,24.6167,1,24.6167,4,4,1,1,0,0,1,3,0,2
live,1.00,8,win,32.0000,0.2884,0.0000,1,2,14.9000,20.3500,1,20.3500,3,3,1,1,1,0,0,3,0,2
live,1.00,9,loss,26.2833,0.0000,0.1584,1,2,15.3833,21.5667,1,21.5667,4,4,1,1,1,0,0,3,0,2
live,1.00,10,win,28.4667,0.5731,0.0000,1,2,13.4333,20.4833,1,20.4833,3,3,1,1,1,0,0,4,0,1
live,1.00,11,loss,32.5000,0.0000,0.0000,1,2,13.4333,20.4667,1,20.4667,3,3,1,1,0,0,1,3,0,4
live,1.00,12,loss,23.1000,0.0000,0.3742,1,1,14.5500,-1.0000,0,-1.0000,2,2,0,0,0,0,0,3,0,2
live,1.00,13,win,33.1667,0.2651,0.0000,1,2,13.8167,21.4667,1,21.4667,3,3,1,1,0,0,1,3,0,2
live,1.00,14,loss,33.3333,0.0000,0.1368,1,2,15.8500,28.4667,1,28.4667,4,4,1,1,0,0,1,3,0,2
live,1.00,15,win,33.6667,0.2118,0.0000,1,2,16.3333,23.0333,1,23.0333,4,4,1,1,1,0,0,4,0,2
live,1.00,16,win,30.4667,0.3088,0.0000,1,2,13.8000,22.0000,1,22.0000,3,3,1,1,1,0,0,3,0,2
live,1.00,17,win,32.3500,0.0023,0.0000,1,2,14.8667,24.5833,1,24.5833,3,3,1,1,0,0,1,3,0,2
live,1.00,18,win,27.9667,0.4455,0.0000,1,2,13.4333,20.2167,1,20.2167,3,3,1,1,0,0,1,3,0,1
live,1.00,19,win,28.9667,0.4493,0.0000,1,2,13.8833,20.5833,1,20.5833,3,3,1,1,1,0,0,3,0,2
live,1.00,20,loss,25.6167,0.0000,0.3095,1,2,13.6833,23.6167,1,23.6167,3,3,1,1,0,1,0,3,0,2
live,1.50,1,loss,22.9167,0.0000,0.3526,1,1,14.1667,-1.0000,0,-1.0000,2,2,0,0,0,0,0,3,0,2
live,1.50,2,loss,22.8500,0.0000,0.2232,1,2,14.9500,20.8500,1,20.8500,3,3,1,1,0,1,0,3,0,1
live,1.50,3,loss,24.1000,0.0000,0.2447,1,2,13.5667,22.1000,1,22.1000,3,3,1,1,0,1,0,3,0,1
live,1.50,4,loss,26.1000,0.0000,0.2879,1,2,15.2000,24.1000,1,24.1000,4,4,1,1,0,1,0,4,0,2
live,1.50,5,loss,22.5833,0.0000,0.2232,1,2,14.0833,20.5833,1,20.5833,3,3,1,1,0,1,0,3,0,1
live,1.50,6,loss,26.3667,0.0000,0.1800,1,2,14.0500,23.3167,1,23.3167,3,3,1,1,0,0,1,3,0,2
live,1.50,7,loss,23.3167,0.0000,0.2447,1,2,12.6167,21.3167,1,21.3167,3,3,1,1,0,1,0,3,0,2
live,1.50,8,loss,24.3667,0.0000,0.3095,1,2,15.9333,22.3667,1,22.3667,4,4,1,1,0,1,0,4,0,2
live,1.50,9,loss,25.5833,0.0000,0.2879,1,2,14.9667,23.5667,1,23.5667,3,3,1,1,0,0,1,3,0,2
live,1.50,10,loss,21.4500,0.0000,0.2663,1,2,13.5333,19.4500,1,19.4500,3,3,1,1,0,1,0,3,0,1
live,1.50,11,win,30.0333,0.2082,0.0000,1,2,11.9000,18.7500,1,18.7500,3,3,1,1,1,0,0,2,0,2
live,1.50,12,win,30.1333,0.0181,0.0000,1,2,13.2000,22.1667,1,22.1667,3,3,1,1,0,0,1,3,0,2
live,1.50,13,loss,22.2333,0.0000,0.3095,1,2,14.4000,22.1333,1,22.1333,3,3,1,0,0,0,0,3,0,2
live,1.50,14,win,29.0167,0.0695,0.0000,1,2,14.4500,22.1167,1,22.1167,3,3,1,1,0,0,1,3,0,1
live,1.50,15,loss,25.8667,0.0000,0.0289,1,2,12.9500,19.8667,1,19.8667,3,3,1,1,0,0,1,3,0,1
live,1.50,16,loss,23.7167,0.0000,0.3095,1,2,15.4500,23.6167,1,23.6167,4,4,1,0,0,0,0,3,0,2
live,1.50,17,loss,33.1667,0.0000,0.0505,1,2,15.3167,22.5167,1,22.5167,4,4,1,1,1,0,0,3,0,2
live,1.50,18,loss,24.5000,0.0000,0.2663,1,2,13.8333,22.5000,1,22.5000,3,3,1,1,0,1,0,3,0,2
live,1.50,19,loss,22.9167,0.0000,0.3095,1,2,13.1500,20.9167,1,20.9167,3,3,1,1,0,1,0,3,0,3
live,1.50,20,loss,28.6667,0.0000,0.1153,1,2,14.2333,21.5667,1,21.5667,3,3,1,1,1,0,0,3,0,2
proposal,1.00,1,win,45.4667,0.4786,0.0000,1,2,17.4833,32.8500,1,32.8500,4,4,1,1,1,0,0,4,0,2
proposal,1.00,2,win,44.4333,0.3197,0.0000,1,2,16.5333,25.3167,1,25.3167,4,4,1,1,1,0,0,4,0,4
proposal,1.00,3,win,40.1667,0.3804,0.0000,1,2,17.5167,31.4167,1,31.4167,4,4,1,1,1,0,0,3,0,4
proposal,1.00,4,loss,47.8167,0.0000,0.0074,1,2,20.9833,28.3333,1,28.3333,4,4,1,1,1,0,0,4,0,4
proposal,1.00,5,win,49.4667,0.3846,0.0000,1,2,21.2167,40.6167,1,40.6167,4,4,1,1,1,0,0,4,0,4
proposal,1.00,6,win,35.1167,0.2640,0.0000,1,2,16.6000,26.9500,1,26.9500,4,4,1,1,1,0,0,3,0,4
proposal,1.00,7,loss,29.1833,0.0000,0.3095,1,2,16.4833,27.1833,1,27.1833,4,4,1,1,0,1,0,3,2,4
proposal,1.00,8,win,43.3500,0.4132,0.0000,1,2,11.0167,25.6167,1,25.6167,3,3,1,1,0,0,1,3,0,2
proposal,1.00,9,loss,30.7833,0.0000,0.3298,1,2,10.7167,28.7833,1,28.7833,3,3,1,1,0,1,0,3,2,4
proposal,1.00,10,win,36.4667,0.3780,0.0000,1,2,21.3167,28.3333,1,28.3333,4,4,1,1,1,0,0,3,0,4
proposal,1.00,11,loss,36.7667,0.0000,0.2447,1,2,25.5333,34.7667,1,34.7667,4,4,1,1,0,1,0,3,0,2
proposal,1.00,12,win,33.6667,0.4385,0.0000,1,2,13.9667,20.7667,1,20.7667,3,3,1,1,0,0,1,3,0,2
proposal,1.00,13,win,45.0667,0.0986,0.0000,1,2,17.7167,29.4167,1,29.4167,4,4,1,1,1,0,0,4,0,4
proposal,1.00,14,loss,47.6833,0.0000,0.2663,1,2,26.4667,43.0667,1,43.0667,4,4,1,1,1,0,0,4,0,2
proposal,1.00,15,win,35.4667,0.2950,0.0000,1,2,12.4500,23.6500,1,23.6500,3,3,1,1,1,0,0,3,0,4
proposal,1.00,16,win,43.4667,0.3504,0.0000,1,2,16.8500,25.8000,1,25.8000,4,4,1,1,0,0,1,3,0,5
proposal,1.00,17,win,40.3833,0.3373,0.0000,1,2,17.3833,28.2000,1,28.2000,4,4,1,1,1,0,0,3,0,2
proposal,1.00,18,win,36.1833,0.3780,0.0000,1,2,12.0167,21.2667,1,21.2667,3,3,1,1,0,0,1,3,2,3
proposal,1.00,19,loss,49.3833,0.0000,0.2016,1,2,25.6500,42.7500,1,42.7500,4,4,1,1,0,0,1,4,0,2
proposal,1.00,20,win,47.4667,0.6387,0.0000,1,2,16.8667,35.6667,1,35.6667,4,4,1,1,1,0,0,4,0,1
proposal,1.50,1,loss,38.9500,0.0000,0.4821,1,1,22.1000,-1.0000,0,-1.0000,3,3,0,0,0,0,0,3,0,2
proposal,1.50,2,loss,28.9333,0.0000,0.3095,1,2,17.8500,26.9333,1,26.9333,4,4,1,1,0,1,0,3,0,4
proposal,1.50,3,win,34.2667,0.3363,0.0000,1,2,16.7000,24.8500,1,24.8500,4,4,1,1,0,0,1,3,0,5
proposal,1.50,4,win,32.6000,0.5210,0.0000,1,2,9.8333,20.4167,1,20.4167,3,3,1,1,1,0,0,3,0,2
proposal,1.50,5,win,34.6167,0.5345,0.0000,1,2,16.0667,23.1833,1,23.1833,4,4,1,1,0,0,1,3,0,2
proposal,1.50,6,loss,24.9667,0.0000,0.3095,1,2,13.5333,22.9667,1,22.9667,3,3,1,1,0,1,0,2,0,4
proposal,1.50,7,win,41.9167,0.3704,0.0000,1,2,16.9500,27.7167,1,27.7167,4,4,1,1,1,0,0,3,0,4
proposal,1.50,8,win,50.0167,0.4252,0.0000,1,2,15.8167,25.4833,1,25.4833,4,4,1,1,1,0,0,4,0,4
proposal,1.50,9,win,34.8000,0.3669,0.0000,1,2,16.6500,27.1167,1,27.1167,4,4,1,1,1,0,0,3,0,4
proposal,1.50,10,loss,25.3167,0.0000,0.2663,1,2,16.4000,23.3167,1,23.3167,4,4,1,1,0,1,0,2,0,1
proposal,1.50,11,loss,41.8167,0.0000,0.2879,1,2,17.0500,40.4333,1,40.4333,4,4,1,1,0,0,0,4,0,2
proposal,1.50,12,win,38.9667,0.4232,0.0000,1,2,17.1333,29.2000,1,29.2000,4,4,1,1,1,0,0,3,0,4
proposal,1.50,13,win,53.7333,0.3492,0.0000,1,2,21.6167,32.7333,1,32.7333,4,4,1,1,1,0,0,4,0,4
proposal,1.50,14,loss,29.1833,0.0000,0.3095,1,2,16.1167,27.1833,1,27.1833,4,4,1,1,0,1,0,3,0,1
proposal,1.50,15,loss,47.7167,0.0000,0.1153,1,2,16.9667,40.2000,1,40.2000,4,4,1,1,0,0,1,4,0,2
proposal,1.50,16,win,52.4167,0.0767,0.0000,1,2,17.9000,36.3667,1,36.3667,4,4,1,1,0,0,1,4,0,3
proposal,1.50,17,win,36.9667,0.3544,0.0000,1,2,16.6667,27.3167,1,27.3167,4,4,1,1,1,0,0,3,0,4
proposal,1.50,18,win,39.2167,0.0513,0.0000,1,2,19.7667,30.8333,1,30.8333,4,4,1,1,1,0,0,3,0,4
proposal,1.50,19,win,47.9167,0.3856,0.0000,1,2,17.7333,31.4500,1,31.4500,4,4,1,1,1,0,0,4,0,4
proposal,1.50,20,loss,45.8000,0.0000,0.1584,1,2,20.9833,40.3833,1,40.3833,4,4,1,1,0,0,1,4,0,2
live-off,1.00,1,win,29.4667,0.3617,0.0000,0,0,-1.0000,-1.0000,0,-1.0000,2,2,0,0,0,0,0,3,0,2
live-off,1.00,2,win,26.1333,0.8015,0.0000,0,0,-1.0000,-1.0000,0,-1.0000,2,2,0,0,0,0,0,3,0,1
live-off,1.00,3,loss,32.3333,0.0000,0.0074,0,0,-1.0000,-1.0000,0,-1.0000,3,3,0,0,0,0,0,3,0,2
live-off,1.00,4,win,30.4667,0.0299,0.0000,0,0,-1.0000,-1.0000,0,-1.0000,3,3,0,0,0,0,0,3,0,2
live-off,1.00,5,win,28.4667,0.7520,0.0000,0,0,-1.0000,-1.0000,0,-1.0000,2,2,0,0,0,0,0,3,0,1
live-off,1.00,6,win,30.9000,0.0059,0.0000,0,0,-1.0000,-1.0000,0,-1.0000,3,3,0,0,0,0,0,3,0,2
live-off,1.00,7,win,34.1667,0.1752,0.0000,0,0,-1.0000,-1.0000,0,-1.0000,3,3,0,0,0,0,0,3,0,2
live-off,1.00,8,win,25.4500,0.0585,0.0000,0,0,-1.0000,-1.0000,0,-1.0000,2,2,0,0,0,0,0,3,0,1
live-off,1.00,9,win,31.1500,0.0295,0.0000,0,0,-1.0000,-1.0000,0,-1.0000,3,3,0,0,0,0,0,3,0,2
live-off,1.00,10,win,28.1667,0.7920,0.0000,0,0,-1.0000,-1.0000,0,-1.0000,2,2,0,0,0,0,0,3,0,1
live-off,1.00,11,win,31.4667,0.1899,0.0000,0,0,-1.0000,-1.0000,0,-1.0000,3,3,0,0,0,0,0,3,0,2
live-off,1.00,12,loss,23.1000,0.0000,0.3742,0,0,-1.0000,-1.0000,0,-1.0000,2,2,0,0,0,0,0,3,0,2
live-off,1.00,13,win,31.4667,0.3253,0.0000,0,0,-1.0000,-1.0000,0,-1.0000,3,3,0,0,0,0,0,3,0,2
live-off,1.00,14,win,36.4667,0.0914,0.0000,0,0,-1.0000,-1.0000,0,-1.0000,3,3,0,0,0,0,0,3,0,2
live-off,1.00,15,loss,31.9000,0.0000,0.0000,0,0,-1.0000,-1.0000,0,-1.0000,3,3,0,0,0,0,0,4,0,1
live-off,1.00,16,win,30.4667,0.3034,0.0000,0,0,-1.0000,-1.0000,0,-1.0000,3,3,0,0,0,0,0,3,0,2
live-off,1.00,17,win,31.4667,0.5497,0.0000,0,0,-1.0000,-1.0000,0,-1.0000,3,3,0,0,0,0,0,3,0,2
live-off,1.00,18,win,27.4667,0.4455,0.0000,0,0,-1.0000,-1.0000,0,-1.0000,2,2,0,0,0,0,0,3,0,1
live-off,1.00,19,win,30.4667,0.4164,0.0000,0,0,-1.0000,-1.0000,0,-1.0000,3,3,0,0,0,0,0,3,0,2
live-off,1.00,20,win,30.4667,0.1133,0.0000,0,0,-1.0000,-1.0000,0,-1.0000,3,3,0,0,0,0,0,3,0,2
live-off,1.50,1,loss,22.9167,0.0000,0.3526,0,0,-1.0000,-1.0000,0,-1.0000,2,2,0,0,0,0,0,3,0,2
live-off,1.50,2,win,29.9167,0.3107,0.0000,0,0,-1.0000,-1.0000,0,-1.0000,2,2,0,0,0,0,0,3,0,1
live-off,1.50,3,win,29.3333,0.6901,0.0000,0,0,-1.0000,-1.0000,0,-1.0000,2,2,0,0,0,0,0,3,0,1
live-off,1.50,4,win,33.8167,0.0004,0.0000,0,0,-1.0000,-1.0000,0,-1.0000,3,3,0,0,0,0,0,3,0,2
live-off,1.50,5,win,32.6167,0.1354,0.0000,0,0,-1.0000,-1.0000,0,-1.0000,3,3,0,0,0,0,0,3,0,2
live-off,1.50,6,win,32.6167,0.3836,0.0000,0,0,-1.0000,-1.0000,0,-1.0000,3,3,0,0,0,0,0,3,0,2
live-off,1.50,7,loss,28.9333,0.0000,0.0937,0,0,-1.0000,-1.0000,0,-1.0000,2,2,0,0,0,0,0,3,0,2
live-off,1.50,8,win,33.5167,0.1897,0.0000,0,0,-1.0000,-1.0000,0,-1.0000,3,3,0,0,0,0,0,3,0,2
live-off,1.50,9,loss,25.6167,0.0000,0.2879,0,0,-1.0000,-1.0000,0,-1.0000,2,2,0,0,0,0,0,3,0,2
live-off,1.50,10,win,27.2667,0.3579,0.0000,0,0,-1.0000,-1.0000,0,-1.0000,2,2,0,0,0,0,0,3,0,1
live-off,1.50,11,win,28.1167,0.2739,0.0000,0,0,-1.0000,-1.0000,0,-1.0000,2,2,0,0,0,0,0,2,0,2
live-off,1.50,12,win,33.8167,0.2371,0.0000,0,0,-1.0000,-1.0000,0,-1.0000,3,3,0,0,0,0,0,3,0,2
live-off,1.50,13,loss,22.2333,0.0000,0.3095,0,0,-1.0000,-1.0000,0,-1.0000,2,2,0,0,0,0,0,3,0,2
live-off,1.50,14,loss,25.5333,0.0000,0.1800,0,0,-1.0000,-1.0000,0,-1.0000,2,2,0,0,0,0,0,3,0,1
live-off,1.50,15,win,26.7667,0.3724,0.0000,0,0,-1.0000,-1.0000,0,-1.0000,2,2,0,0,0,0,0,3,0,1
live-off,1.50,16,loss,23.7167,0.0000,0.3095,0,0,-1.0000,-1.0000,0,-1.0000,2,2,0,0,0,0,0,3,0,2
live-off,1.50,17,loss,29.6667,0.0000,0.1153,0,0,-1.0000,-1.0000,0,-1.0000,2,2,0,0,0,0,0,3,0,2
live-off,1.50,18,loss,26.9167,0.0000,0.1800,0,0,-1.0000,-1.0000,0,-1.0000,2,2,0,0,0,0,0,3,0,2
live-off,1.50,19,win,28.1167,0.2118,0.0000,0,0,-1.0000,-1.0000,0,-1.0000,2,2,0,0,0,0,0,3,0,1
live-off,1.50,20,win,31.1167,0.2080,0.0000,0,0,-1.0000,-1.0000,0,-1.0000,3,3,0,0,0,0,0,3,0,2
proposal-off,1.00,1,win,50.1167,0.4611,0.0000,0,0,-1.0000,-1.0000,0,-1.0000,4,4,0,0,0,0,0,4,0,2
proposal-off,1.00,2,win,42.6667,0.0701,0.0000,0,0,-1.0000,-1.0000,0,-1.0000,3,3,0,0,0,0,0,4,0,2
proposal-off,1.00,3,win,44.1833,0.2972,0.0000,0,0,-1.0000,-1.0000,0,-1.0000,3,3,0,0,0,0,0,4,0,2
proposal-off,1.00,4,win,45.4667,0.1936,0.0000,0,0,-1.0000,-1.0000,0,-1.0000,4,3,0,0,0,0,0,4,0,2
proposal-off,1.00,5,win,51.7167,0.4853,0.0000,0,0,-1.0000,-1.0000,0,-1.0000,4,4,0,0,0,0,0,4,0,2
proposal-off,1.00,6,loss,35.1333,0.0000,0.1368,0,0,-1.0000,-1.0000,0,-1.0000,3,3,0,0,0,0,0,3,0,2
proposal-off,1.00,7,win,43.0667,0.3048,0.0000,0,0,-1.0000,-1.0000,0,-1.0000,3,3,0,0,0,0,0,4,2,2
proposal-off,1.00,8,win,39.1667,0.2556,0.0000,0,0,-1.0000,-1.0000,0,-1.0000,3,3,0,0,0,0,0,3,0,2
proposal-off,1.00,9,win,25.8667,0.5400,0.0000,0,0,-1.0000,-1.0000,0,-1.0000,2,2,0,0,0,0,0,2,0,2
proposal-off,1.00,10,win,45.4667,0.1766,0.0000,0,0,-1.0000,-1.0000,0,-1.0000,4,4,0,0,0,0,0,4,0,2
proposal-off,1.00,11,win,52.1167,0.0301,0.0000,0,0,-1.0000,-1.0000,0,-1.0000,4,4,0,0,0,0,0,4,0,2
proposal-off,1.00,12,win,28.1667,0.4735,0.0000,0,0,-1.0000,-1.0000,0,-1.0000,2,2,0,0,0,0,0,2,0,2
proposal-off,1.00,13,win,49.3333,0.1906,0.0000,0,0,-1.0000,-1.0000,0,-1.0000,4,4,0,0,0,0,0,4,0,3
proposal-off,1.00,14,win,53.6333,0.2140,0.0000,0,0,-1.0000,-1.0000,0,-1.0000,4,4,0,0,0,0,0,4,0,2
proposal-off,1.00,15,win,30.0000,0.4767,0.0000,0,0,-1.0000,-1.0000,0,-1.0000,3,2,0,0,0,0,0,3,0,2
proposal-off,1.00,16,win,40.3333,0.1183,0.0000,0,0,-1.0000,-1.0000,0,-1.0000,3,3,0,0,0,0,0,3,0,2
proposal-off,1.00,17,win,47.3667,0.3373,0.0000,0,0,-1.0000,-1.0000,0,-1.0000,4,4,0,0,0,0,0,4,0,2
proposal-off,1.00,18,win,26.4667,0.5400,0.0000,0,0,-1.0000,-1.0000,0,-1.0000,2,2,0,0,0,0,0,2,2,2
proposal-off,1.00,19,win,50.3667,0.2408,0.0000,0,0,-1.0000,-1.0000,0,-1.0000,4,4,0,0,0,0,0,4,0,2
proposal-off,1.00,20,win,62.4167,0.4023,0.0000,0,0,-1.0000,-1.0000,0,-1.0000,4,4,1,1,1,0,0,5,0,2
proposal-off,1.50,1,loss,38.9500,0.0000,0.4821,0,0,-1.0000,-1.0000,0,-1.0000,3,3,0,0,0,0,0,3,0,2
proposal-off,1.50,2,win,36.0667,0.3295,0.0000,0,0,-1.0000,-1.0000,0,-1.0000,3,3,0,0,0,0,0,3,0,2
proposal-off,1.50,3,win,40.4000,0.0341,0.0000,0,0,-1.0000,-1.0000,0,-1.0000,3,3,0,0,0,0,0,3,0,2
proposal-off,1.50,4,win,27.6667,0.5473,0.0000,0,0,-1.0000,-1.0000,0,-1.0000,2,2,0,0,0,0,0,2,0,2
proposal-off,1.50,5,win,43.2667,0.4995,0.0000,0,0,-1.0000,-1.0000,0,-1.0000,3,3,0,0,0,0,0,4,0,2
proposal-off,1.50,6,win,33.0667,0.4895,0.0000,0,0,-1.0000,-1.0000,0,-1.0000,3,3,0,0,0,0,0,3,0,2
proposal-off,1.50,7,win,36.3167,0.5062,0.0000,0,0,-1.0000,-1.0000,0,-1.0000,3,3,0,0,0,0,0,3,0,2
proposal-off,1.50,8,win,36.0667,0.2982,0.0000,0,0,-1.0000,-1.0000,0,-1.0000,3,3,0,0,0,0,0,3,0,2
proposal-off,1.50,9,win,40.7167,0.2662,0.0000,0,0,-1.0000,-1.0000,0,-1.0000,3,3,0,0,0,0,0,3,0,2
proposal-off,1.50,10,win,32.7833,0.5315,0.0000,0,0,-1.0000,-1.0000,0,-1.0000,3,3,0,0,0,0,0,3,0,2
proposal-off,1.50,11,loss,56.0167,0.0000,0.0721,0,0,-1.0000,-1.0000,0,-1.0000,4,4,1,1,0,1,0,5,0,2
proposal-off,1.50,12,win,42.9667,0.1560,0.0000,0,0,-1.0000,-1.0000,0,-1.0000,3,3,0,0,0,0,0,4,0,2
proposal-off,1.50,13,win,44.1667,0.2748,0.0000,0,0,-1.0000,-1.0000,0,-1.0000,3,3,0,0,0,0,0,4,0,2
proposal-off,1.50,14,win,43.2667,0.3957,0.0000,0,0,-1.0000,-1.0000,0,-1.0000,3,3,0,0,0,0,0,4,0,2
proposal-off,1.50,15,loss,56.0167,0.0000,0.0937,0,0,-1.0000,-1.0000,0,-1.0000,4,4,1,1,0,1,0,5,0,2
proposal-off,1.50,16,loss,56.0167,0.0000,0.0000,0,0,-1.0000,-1.0000,0,-1.0000,4,4,1,1,0,1,0,5,0,2
proposal-off,1.50,17,win,36.0667,0.2975,0.0000,0,0,-1.0000,-1.0000,0,-1.0000,3,3,0,0,0,0,0,3,0,2
proposal-off,1.50,18,loss,39.8167,0.0000,0.0074,0,0,-1.0000,-1.0000,0,-1.0000,3,3,0,0,0,0,0,3,0,2
proposal-off,1.50,19,win,50.8333,0.2542,0.0000,0,0,-1.0000,-1.0000,0,-1.0000,4,4,0,0,0,0,0,4,0,2
proposal-off,1.50,20,win,53.0333,0.1318,0.0000,0,0,-1.0000,-1.0000,0,-1.0000,4,4,0,0,0,0,0,4,0,2
