candidate,policy,scenario,seed,outcome,time_s,hp_left,hp_frac,damage_dealt,damage_taken,split_casts,plants,walls,perfects,sunfall_casts,sunfall_loosed
baseline,reference,wave1,1,loss,23.2500,0.0000,0.0000,106.7500,95.0000,1,1,0,0,0,0
baseline,reference,duel-c1,1,win,29.4667,34.3600,0.3617,95.0000,60.6400,0,2,3,0,0,0
baseline,reference,duel-c15,1,loss,22.9167,0.0000,0.0000,61.5000,95.0000,0,2,3,0,0,0
baseline,reference,wave1,2,loss,15.8667,0.0000,0.0000,74.9000,95.0000,1,1,0,0,0,0
baseline,reference,duel-c1,2,win,26.1333,76.1400,0.8015,95.0000,18.8600,0,1,3,0,0,0
baseline,reference,duel-c15,2,win,29.9167,29.5200,0.3107,95.0000,65.4800,0,1,3,0,0,0
baseline,reference,wave1,3,loss,26.5667,0.0000,0.0000,124.2500,95.0000,1,1,0,0,0,0
baseline,reference,duel-c1,3,loss,32.3333,0.0000,0.0000,94.3000,95.0000,0,2,3,0,0,0
baseline,reference,duel-c15,3,win,29.3333,65.5600,0.6901,95.0000,29.4400,0,1,3,0,0,0
baseline,reference,wave1,4,loss,11.4500,0.0000,0.0000,50.3000,95.0000,1,1,0,0,0,0
baseline,reference,duel-c1,4,win,30.4667,2.8400,0.0299,95.0000,92.1600,0,2,3,0,0,0
baseline,reference,duel-c15,4,win,33.8167,0.0400,0.0004,95.0000,94.9600,0,2,3,0,0,0
baseline,reference,wave1,5,loss,15.6333,0.0000,0.0000,70.8000,95.0000,1,1,0,0,0,0
baseline,reference,duel-c1,5,win,28.4667,71.4400,0.7520,95.0000,23.5600,0,1,3,0,0,0
baseline,reference,duel-c15,5,win,32.6167,12.8600,0.1354,95.0000,82.1400,0,2,3,0,0,0
baseline,reference,wave1,6,loss,12.1500,0.0000,0.0000,52.3500,95.0000,1,1,0,0,0,0
baseline,reference,duel-c1,6,win,30.9000,0.5600,0.0059,95.0000,94.4400,0,2,3,0,0,0
baseline,reference,duel-c15,6,win,32.6167,36.4400,0.3836,95.0000,58.5600,0,2,3,0,0,0
baseline,reference,wave1,7,loss,22.9833,0.0000,0.0000,106.7500,95.0000,1,1,0,0,0,0
baseline,reference,duel-c1,7,win,34.1667,16.6400,0.1752,95.0000,78.3600,0,2,3,0,0,0
baseline,reference,duel-c15,7,loss,28.9333,0.0000,0.0000,86.1000,95.0000,0,2,3,0,0,0
baseline,reference,wave1,8,loss,23.2667,0.0000,0.0000,106.7500,95.0000,1,1,0,0,0,0
baseline,reference,duel-c1,8,win,25.4500,5.5600,0.0585,95.0000,89.4400,0,1,3,0,0,0
baseline,reference,duel-c15,8,win,33.5167,18.0200,0.1897,95.0000,76.9800,0,2,3,0,0,0
baseline,reference,wave1,9,loss,12.0500,0.0000,0.0000,54.4000,95.0000,1,1,0,0,0,0
baseline,reference,duel-c1,9,win,31.1500,2.8000,0.0295,95.0000,92.2000,0,2,3,0,0,0
baseline,reference,duel-c15,9,loss,25.6167,0.0000,0.0000,67.6500,95.0000,0,2,3,0,0,0
baseline,reference,wave1,10,loss,12.0500,0.0000,0.0000,54.4000,95.0000,1,1,0,0,0,0
baseline,reference,duel-c1,10,win,28.1667,75.2400,0.7920,95.0000,19.7600,0,1,3,0,0,0
baseline,reference,duel-c15,10,win,27.2667,34.0000,0.3579,95.0000,61.0000,0,1,3,0,0,0
baseline,reference,wave1,11,loss,12.0500,0.0000,0.0000,52.3500,95.0000,1,1,0,0,0,0
baseline,reference,duel-c1,11,win,31.4667,18.0400,0.1899,95.0000,76.9600,0,2,3,0,0,0
baseline,reference,duel-c15,11,win,28.1167,26.0200,0.2739,95.0000,68.9800,0,2,2,0,0,0
baseline,reference,wave1,12,loss,18.6500,0.0000,0.0000,84.2000,95.0000,1,1,0,0,0,0
baseline,reference,duel-c1,12,loss,23.1000,0.0000,0.0000,59.4500,95.0000,0,2,3,0,0,0
baseline,reference,duel-c15,12,win,33.8167,22.5200,0.2371,95.0000,72.4800,0,2,3,0,0,0
baseline,reference,wave1,13,loss,12.0500,0.0000,0.0000,54.4000,95.0000,1,1,0,0,0,0
baseline,reference,duel-c1,13,win,31.4667,30.9000,0.3253,95.0000,64.1000,0,2,3,0,0,0
baseline,reference,duel-c15,13,loss,22.2333,0.0000,0.0000,65.6000,95.0000,0,2,3,0,0,0
baseline,reference,wave1,14,loss,18.8000,0.0000,0.0000,84.2000,95.0000,1,1,0,0,0,0
baseline,reference,duel-c1,14,win,36.4667,8.6800,0.0914,95.0000,86.3200,0,2,3,0,0,0
baseline,reference,duel-c15,14,loss,25.5333,0.0000,0.0000,77.9000,95.0000,0,1,3,0,0,0
baseline,reference,wave1,15,loss,23.2000,0.0000,0.0000,108.8000,95.0000,1,1,0,0,0,0
baseline,reference,duel-c1,15,loss,31.9000,0.0000,0.0000,95.0000,95.0000,0,1,4,0,0,0
baseline,reference,duel-c15,15,win,26.7667,35.3800,0.3724,95.0000,59.6200,0,1,3,0,0,0
baseline,reference,wave1,16,loss,18.6500,0.0000,0.0000,86.2500,95.0000,1,1,0,0,0,0
baseline,reference,duel-c1,16,win,30.4667,28.8200,0.3034,95.0000,66.1800,0,2,3,0,0,0
baseline,reference,duel-c15,16,loss,23.7167,0.0000,0.0000,65.6000,95.0000,0,2,3,0,0,0
baseline,reference,wave1,17,loss,11.6833,0.0000,0.0000,52.3500,95.0000,1,1,0,0,0,0
baseline,reference,duel-c1,17,win,31.4667,52.2200,0.5497,95.0000,42.7800,0,2,3,0,0,0
baseline,reference,duel-c15,17,loss,29.6667,0.0000,0.0000,84.0500,95.0000,0,2,3,0,0,0
baseline,reference,wave1,18,loss,23.0500,0.0000,0.0000,106.7500,95.0000,1,1,0,0,0,0
baseline,reference,duel-c1,18,win,27.4667,42.3200,0.4455,95.0000,52.6800,0,1,3,0,0,0
baseline,reference,duel-c15,18,loss,26.9167,0.0000,0.0000,77.9000,95.0000,0,2,3,0,0,0
baseline,reference,wave1,19,loss,23.1000,0.0000,0.0000,108.8000,95.0000,1,1,0,0,0,0
baseline,reference,duel-c1,19,win,30.4667,39.5600,0.4164,95.0000,55.4400,0,2,3,0,0,0
baseline,reference,duel-c15,19,win,28.1167,20.1200,0.2118,95.0000,74.8800,0,1,3,0,0,0
baseline,reference,wave1,20,loss,21.9333,0.0000,0.0000,100.6000,95.0000,1,1,0,0,0,0
baseline,reference,duel-c1,20,win,30.4667,10.7600,0.1133,95.0000,84.2400,0,2,3,0,0,0
baseline,reference,duel-c15,20,win,31.1167,19.7600,0.2080,95.0000,75.2400,0,2,3,0,0,0
shade,reference,wave1,1,loss,23.2500,0.0000,0.0000,106.7500,95.0000,1,1,0,0,0,0
shade,reference,duel-c1,1,win,51.7333,23.9600,0.2522,95.0000,71.0400,0,2,4,0,0,0
shade,reference,duel-c15,1,loss,23.6500,0.0000,0.0000,36.9000,95.0000,0,2,2,0,0,0
shade,reference,wave1,2,loss,15.8667,0.0000,0.0000,74.9000,95.0000,1,1,0,0,0,0
shade,reference,duel-c1,2,win,59.1667,29.3400,0.3088,95.0000,65.6600,0,1,5,0,1,1
shade,reference,duel-c15,2,loss,23.6500,0.0000,0.0000,45.1000,95.0000,0,1,2,0,0,0
shade,reference,wave1,3,loss,26.5667,0.0000,0.0000,124.2500,95.0000,1,1,0,0,0,0
shade,reference,duel-c1,3,loss,30.3500,0.0000,0.0000,51.2500,95.0000,0,2,3,0,0,0
shade,reference,duel-c15,3,loss,40.4000,0.0000,0.0000,82.0000,95.0000,0,2,3,0,0,0
shade,reference,wave1,4,loss,11.4500,0.0000,0.0000,50.3000,95.0000,1,1,0,0,0,0
shade,reference,duel-c1,4,loss,39.8500,0.0000,0.0000,84.0500,95.0000,0,2,3,0,0,0
shade,reference,duel-c15,4,loss,34.5667,0.0000,0.0000,90.2000,95.0000,0,2,3,0,0,0
shade,reference,wave1,5,loss,15.6333,0.0000,0.0000,70.8000,95.0000,1,1,0,0,0,0
shade,reference,duel-c1,5,loss,56.0167,0.0000,0.0000,67.6500,95.0000,0,2,5,0,1,1
shade,reference,duel-c15,5,loss,34.6000,0.0000,0.0000,57.4000,95.0000,0,2,3,0,0,0
shade,reference,wave1,6,loss,12.1500,0.0000,0.0000,52.3500,95.0000,1,1,0,0,0,0
shade,reference,duel-c1,6,loss,15.6333,0.0000,0.0000,30.7500,95.0000,0,1,2,0,0,0
shade,reference,duel-c15,6,loss,35.5000,0.0000,0.0000,67.6500,95.0000,0,2,3,0,0,0
shade,reference,wave1,7,loss,22.9833,0.0000,0.0000,106.7500,95.0000,1,1,0,0,0,0
shade,reference,duel-c1,7,win,46.0333,2.0800,0.0219,95.0000,92.9200,0,2,4,0,0,0
shade,reference,duel-c15,7,loss,43.5667,0.0000,0.0000,55.3500,95.0000,0,2,4,0,0,0
shade,reference,wave1,8,loss,23.2667,0.0000,0.0000,106.7500,95.0000,1,1,0,0,0,0
shade,reference,duel-c1,8,loss,43.8667,0.0000,0.0000,94.3000,95.0000,0,2,4,0,0,0
shade,reference,duel-c15,8,loss,27.3667,0.0000,0.0000,28.7000,95.0000,0,2,2,0,0,0
shade,reference,wave1,9,loss,12.0500,0.0000,0.0000,54.4000,95.0000,1,1,0,0,0,0
shade,reference,duel-c1,9,loss,33.1167,0.0000,0.0000,92.2500,95.0000,0,2,3,0,0,0
shade,reference,duel-c15,9,loss,13.6500,0.0000,0.0000,18.4500,95.0000,0,1,1,0,0,0
shade,reference,wave1,10,loss,12.0500,0.0000,0.0000,54.4000,95.0000,1,1,0,0,0,0
shade,reference,duel-c1,10,win,67.1667,15.2800,0.1608,95.0000,79.7200,0,2,5,0,1,1
shade,reference,duel-c15,10,loss,33.6333,0.0000,0.0000,69.7000,95.0000,0,1,3,0,0,0
shade,reference,wave1,11,loss,12.0500,0.0000,0.0000,52.3500,95.0000,1,1,0,0,0,0
shade,reference,duel-c1,11,loss,31.8833,0.0000,0.0000,61.5000,95.0000,0,2,3,0,0,0
shade,reference,duel-c15,11,loss,30.5500,0.0000,0.0000,59.4500,95.0000,0,2,3,0,0,0
shade,reference,wave1,12,loss,18.6500,0.0000,0.0000,84.2000,95.0000,1,1,0,0,0,0
shade,reference,duel-c1,12,loss,34.8833,0.0000,0.0000,73.8000,95.0000,0,2,3,0,0,0
shade,reference,duel-c15,12,loss,24.1500,0.0000,0.0000,36.9000,95.0000,0,2,2,0,0,0
shade,reference,wave1,13,loss,12.0500,0.0000,0.0000,54.4000,95.0000,1,1,0,0,0,0
shade,reference,duel-c1,13,win,43.4667,29.3400,0.3088,95.0000,65.6600,0,2,3,0,0,0
shade,reference,duel-c15,13,loss,13.5667,0.0000,0.0000,26.6500,95.0000,0,1,1,0,0,0
shade,reference,wave1,14,loss,18.8000,0.0000,0.0000,84.2000,95.0000,1,1,0,0,0,0
shade,reference,duel-c1,14,loss,35.9000,0.0000,0.0000,57.4000,95.0000,0,2,3,0,0,0
shade,reference,duel-c15,14,loss,24.6000,0.0000,0.0000,59.3000,95.0000,0,2,2,0,0,0
shade,reference,wave1,15,loss,23.2000,0.0000,0.0000,108.8000,95.0000,1,1,0,0,0,0
shade,reference,duel-c1,15,loss,31.3500,0.0000,0.0000,75.8500,95.0000,0,2,3,0,0,0
shade,reference,duel-c15,15,loss,31.8833,0.0000,0.0000,63.5500,95.0000,0,2,3,0,0,0
shade,reference,wave1,16,loss,18.6500,0.0000,0.0000,86.2500,95.0000,1,1,0,0,0,0
shade,reference,duel-c1,16,loss,36.2333,0.0000,0.0000,61.5000,95.0000,0,2,3,0,0,0
shade,reference,duel-c15,16,loss,22.4667,0.0000,0.0000,41.0000,95.0000,0,2,2,0,0,0
shade,reference,wave1,17,loss,11.6833,0.0000,0.0000,52.3500,95.0000,1,1,0,0,0,0
shade,reference,duel-c1,17,loss,56.9000,0.0000,0.0000,73.8000,95.0000,0,2,5,0,1,1
shade,reference,duel-c15,17,loss,27.3833,0.0000,0.0000,36.9000,95.0000,0,2,2,0,0,0
shade,reference,wave1,18,loss,23.0500,0.0000,0.0000,106.7500,95.0000,1,1,0,0,0,0
shade,reference,duel-c1,18,win,37.4667,39.2000,0.4126,95.0000,55.8000,0,2,3,0,0,0
shade,reference,duel-c15,18,loss,31.5833,0.0000,0.0000,45.1000,95.0000,0,2,3,0,0,0
shade,reference,wave1,19,loss,23.1000,0.0000,0.0000,108.8000,95.0000,1,1,0,0,0,0
shade,reference,duel-c1,19,win,49.6833,4.2000,0.0442,95.0000,90.8000,0,2,4,0,0,0
shade,reference,duel-c15,19,loss,25.5500,0.0000,0.0000,32.8000,95.0000,0,2,2,0,0,0
shade,reference,wave1,20,loss,21.9333,0.0000,0.0000,100.6000,95.0000,1,1,0,0,0,0
shade,reference,duel-c1,20,loss,31.3000,0.0000,0.0000,69.7000,95.0000,0,2,3,0,0,0
shade,reference,duel-c15,20,loss,33.9333,0.0000,0.0000,59.4500,95.0000,0,2,3,0,0,0
opendome,reference,wave1,1,loss,24.7000,0.0000,0.0000,148.8500,95.0000,1,1,0,0,0,0
opendome,reference,duel-c1,1,win,25.6667,72.8400,0.7667,95.0000,22.1600,0,1,3,0,0,0
opendome,reference,duel-c15,1,win,26.1667,33.6400,0.3541,95.0000,61.3600,0,2,3,0,0,0
opendome,reference,wave1,2,win,39.6333,1.8500,0.0195,208.0000,93.1500,1,1,0,0,0,0
opendome,reference,duel-c1,2,win,25.6667,76.1400,0.8015,95.0000,18.8600,0,1,3,0,0,0
opendome,reference,duel-c15,2,win,28.4167,47.2000,0.4968,95.0000,47.8000,0,2,3,0,0,0
opendome,reference,wave1,3,win,37.6500,4.0000,0.0421,208.0000,91.0000,1,1,0,0,0,0
opendome,reference,duel-c1,3,win,26.1667,41.9600,0.4417,95.0000,53.0400,0,1,3,0,0,0
opendome,reference,duel-c15,3,win,24.9667,40.0800,0.4219,95.0000,54.9200,0,1,3,0,0,0
opendome,reference,wave1,4,loss,24.0500,0.0000,0.0000,142.7000,95.0000,1,1,0,0,0,0
opendome,reference,duel-c1,4,win,25.6667,42.3600,0.4459,95.0000,52.6400,0,2,3,0,0,0
opendome,reference,duel-c15,4,win,26.7667,44.2400,0.4657,95.0000,50.7600,0,2,3,0,0,0
opendome,reference,wave1,5,win,40.0000,2.8500,0.0300,208.0000,92.1500,1,2,0,0,0,0
opendome,reference,duel-c1,5,win,26.1667,86.0000,0.9053,95.0000,9.0000,0,1,3,0,0,0
opendome,reference,duel-c15,5,win,29.0167,36.2600,0.3817,95.0000,58.7400,0,2,3,0,0,0
opendome,reference,wave1,6,win,38.1000,14.8500,0.1563,208.0000,80.1500,1,1,0,0,0,0
opendome,reference,duel-c1,6,win,25.8333,38.5200,0.4055,95.0000,56.4800,0,2,3,0,0,0
opendome,reference,duel-c15,6,win,26.1667,47.8800,0.5040,95.0000,47.1200,0,2,3,0,0,0
opendome,reference,wave1,7,loss,23.1333,0.0000,0.0000,136.5500,95.0000,1,1,0,0,0,0
opendome,reference,duel-c1,7,win,29.1667,40.5600,0.4269,95.0000,54.4400,0,2,3,0,0,0
opendome,reference,duel-c15,7,win,24.0667,47.3200,0.4981,95.0000,47.6800,0,2,3,0,0,0
opendome,reference,wave1,8,win,38.8167,9.3000,0.0979,208.0000,85.7000,1,2,0,0,0,0
opendome,reference,duel-c1,8,win,26.4500,46.6400,0.4909,95.0000,48.3600,0,2,3,0,0,0
opendome,reference,duel-c15,8,win,26.5333,26.3400,0.2773,95.0000,68.6600,0,2,3,0,0,0
opendome,reference,wave1,9,win,39.9333,7.9500,0.0837,208.0000,87.0500,1,2,0,0,0,0
opendome,reference,duel-c1,9,win,26.2000,48.5600,0.5112,95.0000,46.4400,0,2,3,0,0,0
opendome,reference,duel-c15,9,win,27.2000,37.4800,0.3945,95.0000,57.5200,0,2,3,0,0,0
opendome,reference,wave1,10,loss,24.1333,0.0000,0.0000,142.7000,95.0000,1,1,0,0,0,0
opendome,reference,duel-c1,10,win,26.1667,85.6400,0.9015,95.0000,9.3600,0,1,3,0,0,0
opendome,reference,duel-c15,10,win,28.4167,69.3600,0.7301,95.0000,25.6400,0,1,3,0,0,0
opendome,reference,wave1,11,loss,25.6667,0.0000,0.0000,150.9000,95.0000,1,1,0,0,0,0
opendome,reference,duel-c1,11,win,26.1667,43.0000,0.4526,95.0000,52.0000,0,2,3,0,0,0
opendome,reference,duel-c15,11,win,25.2667,45.2600,0.4764,95.0000,49.7400,0,1,2,0,0,0
opendome,reference,wave1,12,loss,24.1667,0.0000,0.0000,142.7000,95.0000,1,1,0,0,0,0
opendome,reference,duel-c1,12,win,26.3167,35.5200,0.3739,95.0000,59.4800,0,2,3,0,0,0
opendome,reference,duel-c15,12,win,27.2000,51.6400,0.5436,95.0000,43.3600,0,2,3,0,0,0
opendome,reference,wave1,13,loss,25.5833,0.0000,0.0000,150.9000,95.0000,1,1,0,0,0,0
opendome,reference,duel-c1,13,win,27.1667,49.1000,0.5168,95.0000,45.9000,0,1,3,0,0,0
opendome,reference,duel-c15,13,win,26.1667,43.5400,0.4583,95.0000,51.4600,0,2,3,0,0,0
opendome,reference,wave1,14,loss,22.2000,0.0000,0.0000,132.4500,95.0000,1,1,0,0,0,0
opendome,reference,duel-c1,14,win,27.4667,37.8000,0.3979,95.0000,57.2000,0,2,3,0,0,0
opendome,reference,duel-c15,14,win,24.2000,32.6000,0.3432,95.0000,62.4000,0,1,3,0,0,0
opendome,reference,wave1,15,win,39.7667,11.4500,0.1205,208.0000,83.5500,1,2,0,0,0,0
opendome,reference,duel-c1,15,win,30.1667,37.8000,0.3979,95.0000,57.2000,0,2,4,0,0,0
opendome,reference,duel-c15,15,win,28.1167,58.7800,0.6187,95.0000,36.2200,0,1,3,0,0,0
opendome,reference,wave1,16,win,39.7667,7.9500,0.0837,208.0000,87.0500,1,1,0,0,0,0
opendome,reference,duel-c1,16,win,24.8500,37.6600,0.3964,95.0000,57.3400,0,2,3,0,0,0
opendome,reference,duel-c15,16,win,26.7667,33.5000,0.3526,95.0000,61.5000,0,2,3,0,0,0
opendome,reference,wave1,17,loss,22.0833,0.0000,0.0000,130.4000,95.0000,1,1,0,0,0,0
opendome,reference,duel-c1,17,win,25.8667,53.2600,0.5606,95.0000,41.7400,0,1,3,0,0,0
opendome,reference,duel-c15,17,win,27.3833,20.7000,0.2179,95.0000,74.3000,0,2,3,0,0,0
opendome,reference,wave1,18,win,39.2833,1.9000,0.0200,208.0000,93.1000,1,2,0,0,0,0
opendome,reference,duel-c1,18,win,26.1333,46.4800,0.4893,95.0000,48.5200,0,2,3,0,0,0
opendome,reference,duel-c15,18,win,25.0333,30.4000,0.3200,95.0000,64.6000,0,2,3,0,0,0
opendome,reference,wave1,19,loss,23.1167,0.0000,0.0000,136.5500,95.0000,1,1,0,0,0,0
opendome,reference,duel-c1,19,win,26.1667,21.8800,0.2303,95.0000,73.1200,0,2,3,0,0,0
opendome,reference,duel-c15,19,win,25.8667,36.2400,0.3815,95.0000,58.7600,0,1,3,0,0,0
opendome,reference,wave1,20,loss,24.0667,0.0000,0.0000,140.6500,95.0000,1,1,0,0,0,0
opendome,reference,duel-c1,20,win,25.0667,32.6000,0.3432,95.0000,62.4000,0,2,3,0,0,0
opendome,reference,duel-c15,20,win,27.2000,44.7200,0.4707,95.0000,50.2800,0,2,3,0,0,0
wide,reference,wave1,1,win,39.3833,8.6000,0.0905,208.0000,86.4000,1,2,0,0,0,0
wide,reference,duel-c1,1,win,50.1167,43.8000,0.4611,95.0000,51.2000,0,2,4,0,0,0
wide,reference,duel-c15,1,loss,38.9500,0.0000,0.0000,49.2000,95.0000,0,2,3,0,0,0
wide,reference,wave1,2,win,39.6333,16.9000,0.1779,208.0000,78.1000,1,1,0,0,0,0
wide,reference,duel-c1,2,win,42.6667,6.6640,0.0701,95.0000,88.3360,0,2,4,0,0,0
wide,reference,duel-c15,2,win,36.0667,31.3040,0.3295,95.0000,63.6960,0,2,3,0,0,0
wide,reference,wave1,3,win,37.6500,18.7000,0.1968,208.0000,76.3000,1,1,0,0,0,0
wide,reference,duel-c1,3,win,44.1833,28.2320,0.2972,95.0000,66.7680,0,2,4,0,0,0
wide,reference,duel-c15,3,win,40.4000,3.2400,0.0341,95.0000,91.7600,0,2,3,0,0,0
wide,reference,wave1,4,win,39.9333,3.0000,0.0316,208.0000,92.0000,1,2,0,0,0,0
wide,reference,duel-c1,4,win,45.4667,18.3920,0.1936,95.0000,76.6080,0,2,4,0,0,0
wide,reference,duel-c15,4,win,27.6667,51.9920,0.5473,95.0000,43.0080,0,2,2,0,0,0
wide,reference,wave1,5,win,40.0000,17.9000,0.1884,208.0000,77.1000,1,2,0,0,0,0
wide,reference,duel-c1,5,win,51.7167,46.1040,0.4853,95.0000,48.8960,0,2,4,0,0,0
wide,reference,duel-c15,5,win,43.2667,47.4480,0.4995,95.0000,47.5520,0,2,4,0,0,0
wide,reference,wave1,6,win,38.1000,29.9000,0.3147,208.0000,65.1000,1,1,0,0,0,0
wide,reference,duel-c1,6,loss,35.1333,0.0000,0.0000,82.0000,95.0000,0,2,3,0,0,0
wide,reference,duel-c15,6,win,33.0667,46.5040,0.4895,95.0000,48.4960,0,2,3,0,0,0
wide,reference,wave1,7,win,38.6500,4.7000,0.0495,208.0000,90.3000,1,1,0,0,0,0
wide,reference,duel-c1,7,win,43.0667,28.9520,0.3048,95.0000,66.0480,2,2,4,0,0,0
wide,reference,duel-c15,7,win,36.3167,48.0880,0.5062,95.0000,46.9120,0,2,3,0,0,0
wide,reference,wave1,8,win,38.8167,23.9000,0.2516,208.0000,71.1000,1,2,0,0,0,0
wide,reference,duel-c1,8,win,39.1667,24.2800,0.2556,95.0000,70.7200,0,2,3,0,0,0
wide,reference,duel-c15,8,win,36.0667,28.3280,0.2982,95.0000,66.6720,0,2,3,0,0,0
wide,reference,wave1,9,win,39.9333,23.0000,0.2421,208.0000,72.0000,1,2,0,0,0,0
wide,reference,duel-c1,9,win,25.8667,51.3040,0.5400,95.0000,43.6960,0,2,2,0,0,0
wide,reference,duel-c15,9,win,40.7167,25.2880,0.2662,95.0000,69.7120,0,2,3,0,0,0
wide,reference,wave1,10,win,39.9833,13.0000,0.1368,208.0000,82.0000,1,1,0,0,0,0
wide,reference,duel-c1,10,win,45.4667,16.7760,0.1766,95.0000,78.2240,0,2,4,0,0,0
wide,reference,duel-c15,10,win,32.7833,50.4880,0.5315,95.0000,44.5120,0,2,3,0,0,0
wide,reference,wave1,11,win,37.4167,8.0000,0.0842,208.0000,87.0000,1,2,0,0,0,0
wide,reference,duel-c1,11,win,52.1167,2.8560,0.0301,95.0000,92.1440,0,2,4,0,0,0
wide,reference,duel-c15,11,loss,56.0167,0.0000,0.0000,88.1500,95.0000,0,2,5,0,1,1
wide,reference,wave1,12,loss,26.4000,0.0000,0.0000,152.0000,95.0000,1,1,0,0,0,0
wide,reference,duel-c1,12,win,28.1667,44.9840,0.4735,95.0000,50.0160,0,2,2,0,0,0
wide,reference,duel-c15,12,win,42.9667,14.8240,0.1560,95.0000,80.1760,0,2,4,0,0,0
wide,reference,wave1,13,win,38.6667,5.0000,0.0526,208.0000,90.0000,1,1,0,0,0,0
wide,reference,duel-c1,13,win,49.3333,18.1040,0.1906,95.0000,76.8960,0,3,4,0,0,0
wide,reference,duel-c15,13,win,44.1667,26.1040,0.2748,95.0000,68.8960,0,2,4,0,0,0
wide,reference,wave1,14,win,39.7333,1.6000,0.0168,208.0000,93.4000,1,2,0,0,0,0
wide,reference,duel-c1,14,win,53.6333,20.3280,0.2140,95.0000,74.6720,0,2,4,0,0,0
wide,reference,duel-c15,14,win,43.2667,37.5920,0.3957,95.0000,57.4080,0,2,4,0,0,0
wide,reference,wave1,15,win,39.7667,25.0000,0.2632,208.0000,70.0000,1,2,0,0,0,0
wide,reference,duel-c1,15,win,30.0000,45.2880,0.4767,95.0000,49.7120,0,2,3,0,0,0
wide,reference,duel-c15,15,loss,56.0167,0.0000,0.0000,86.1000,95.0000,0,2,5,0,1,1
wide,reference,wave1,16,win,39.7667,22.0000,0.2316,208.0000,73.0000,1,1,0,0,0,0
wide,reference,duel-c1,16,win,40.3333,11.2400,0.1183,95.0000,83.7600,0,2,3,0,0,0
wide,reference,duel-c15,16,loss,56.0167,0.0000,0.0000,95.0000,95.0000,0,2,5,0,1,1
wide,reference,wave1,17,loss,26.2833,0.0000,0.0000,152.0000,95.0000,1,1,0,0,0,0
wide,reference,duel-c1,17,win,47.3667,32.0400,0.3373,95.0000,62.9600,0,2,4,0,0,0
wide,reference,duel-c15,17,win,36.0667,28.2640,0.2975,95.0000,66.7360,0,2,3,0,0,0
wide,reference,wave1,18,win,39.2833,16.3000,0.1716,208.0000,78.7000,1,2,0,0,0,0
wide,reference,duel-c1,18,win,26.4667,51.3040,0.5400,95.0000,43.6960,2,2,2,0,0,0
wide,reference,duel-c15,18,loss,39.8167,0.0000,0.0000,94.3000,95.0000,0,2,3,0,0,0
wide,reference,wave1,19,win,38.6500,4.7000,0.0495,208.0000,90.3000,1,1,0,0,0,0
wide,reference,duel-c1,19,win,50.3667,22.8720,0.2408,95.0000,72.1280,0,2,4,0,0,0
wide,reference,duel-c15,19,win,50.8333,24.1520,0.2542,95.0000,70.8480,0,2,4,0,0,0
wide,reference,wave1,20,loss,26.2833,0.0000,0.0000,152.0000,95.0000,1,1,0,0,0,0
wide,reference,duel-c1,20,win,62.4167,38.2160,0.4023,95.0000,56.7840,0,2,5,0,1,1
wide,reference,duel-c15,20,win,53.0333,12.5200,0.1318,95.0000,82.4800,0,2,4,0,0,0
halfward,reference,wave1,1,win,37.7500,8.6000,0.0905,208.0000,86.4000,1,2,0,0,0,0
halfward,reference,duel-c1,1,win,50.1167,43.8000,0.4611,95.0000,51.2000,0,2,4,0,0,0
halfward,reference,duel-c15,1,loss,38.9500,0.0000,0.0000,49.2000,95.0000,0,2,3,0,0,0
halfward,reference,wave1,2,win,39.6333,26.9000,0.2832,208.0000,68.1000,1,1,0,0,0,0
halfward,reference,duel-c1,2,win,42.6667,6.6640,0.0701,95.0000,88.3360,0,2,4,0,0,0
halfward,reference,duel-c15,2,win,36.0667,31.3040,0.3295,95.0000,63.6960,0,2,3,0,0,0
halfward,reference,wave1,3,win,37.6500,18.7000,0.1968,208.0000,76.3000,1,1,0,0,0,0
halfward,reference,duel-c1,3,win,44.1833,28.2320,0.2972,95.0000,66.7680,0,2,4,0,0,0
halfward,reference,duel-c15,3,win,40.4000,3.2400,0.0341,95.0000,91.7600,0,2,3,0,0,0
halfward,reference,wave1,4,win,38.0167,13.0000,0.1368,208.0000,82.0000,1,1,0,0,0,0
halfward,reference,duel-c1,4,win,45.4667,18.3920,0.1936,95.0000,76.6080,0,2,4,0,0,0
halfward,reference,duel-c15,4,win,27.6667,51.9920,0.5473,95.0000,43.0080,0,2,2,0,0,0
halfward,reference,wave1,5,win,40.0000,17.9000,0.1884,208.0000,77.1000,1,2,0,0,0,0
halfward,reference,duel-c1,5,win,51.7167,46.1040,0.4853,95.0000,48.8960,0,2,4,0,0,0
halfward,reference,duel-c15,5,win,43.2667,47.4480,0.4995,95.0000,47.5520,0,2,4,0,0,0
halfward,reference,wave1,6,win,38.1000,29.9000,0.3147,208.0000,65.1000,1,1,0,0,0,0
halfward,reference,duel-c1,6,loss,35.1333,0.0000,0.0000,82.0000,95.0000,0,2,3,0,0,0
halfward,reference,duel-c15,6,win,33.0667,46.5040,0.4895,95.0000,48.4960,0,2,3,0,0,0
halfward,reference,wave1,7,win,41.8167,4.7000,0.0495,208.0000,90.3000,1,2,0,0,0,0
halfward,reference,duel-c1,7,win,42.6667,28.9520,0.3048,95.0000,66.0480,2,2,4,0,0,0
halfward,reference,duel-c15,7,win,36.3167,48.0880,0.5062,95.0000,46.9120,0,2,3,0,0,0
halfward,reference,wave1,8,win,37.7667,24.6000,0.2589,208.0000,70.4000,1,2,0,0,0,0
halfward,reference,duel-c1,8,win,39.1667,24.2800,0.2556,95.0000,70.7200,0,2,3,0,0,0
halfward,reference,duel-c15,8,win,36.0667,28.3280,0.2982,95.0000,66.6720,0,2,3,0,0,0
halfward,reference,wave1,9,win,39.9333,23.0000,0.2421,208.0000,72.0000,1,1,0,0,0,0
halfward,reference,duel-c1,9,win,25.8667,51.3040,0.5400,95.0000,43.6960,0,2,2,0,0,0
halfward,reference,duel-c15,9,win,40.7167,25.2880,0.2662,95.0000,69.7120,0,2,3,0,0,0
halfward,reference,wave1,10,win,41.1000,12.3000,0.1295,208.0000,82.7000,1,2,0,0,0,0
halfward,reference,duel-c1,10,win,45.4667,16.7760,0.1766,95.0000,78.2240,0,2,4,0,0,0
halfward,reference,duel-c15,10,win,32.7833,50.4880,0.5315,95.0000,44.5120,0,2,3,0,0,0
halfward,reference,wave1,11,win,37.4167,18.0000,0.1895,208.0000,77.0000,1,2,0,0,0,0
halfward,reference,duel-c1,11,win,52.1167,2.8560,0.0301,95.0000,92.1440,0,2,4,0,0,0
halfward,reference,duel-c15,11,loss,56.0167,0.0000,0.0000,88.1500,95.0000,0,2,5,0,1,1
halfward,reference,wave1,12,win,38.9167,7.6000,0.0800,208.0000,87.4000,1,2,0,0,0,0
halfward,reference,duel-c1,12,win,28.1667,44.9840,0.4735,95.0000,50.0160,0,2,2,0,0,0
halfward,reference,duel-c15,12,win,42.9667,14.8240,0.1560,95.0000,80.1760,0,2,4,0,0,0
halfward,reference,wave1,13,win,39.6167,12.0000,0.1263,208.0000,83.0000,1,2,0,0,0,0
halfward,reference,duel-c1,13,win,49.3333,18.1040,0.1906,95.0000,76.8960,0,3,4,0,0,0
halfward,reference,duel-c15,13,win,44.1667,26.1040,0.2748,95.0000,68.8960,0,2,4,0,0,0
halfward,reference,wave1,14,win,39.7333,1.6000,0.0168,208.0000,93.4000,1,2,0,0,0,0
halfward,reference,duel-c1,14,win,53.6333,20.3280,0.2140,95.0000,74.6720,0,2,4,0,0,0
halfward,reference,duel-c15,14,win,43.2667,37.5920,0.3957,95.0000,57.4080,0,2,4,0,0,0
halfward,reference,wave1,15,win,39.7667,25.0000,0.2632,208.0000,70.0000,1,2,0,0,0,0
halfward,reference,duel-c1,15,win,30.0000,45.2880,0.4767,95.0000,49.7120,0,2,3,0,0,0
halfward,reference,duel-c15,15,loss,56.0167,0.0000,0.0000,86.1000,95.0000,0,2,5,0,1,1
halfward,reference,wave1,16,win,37.8833,21.3000,0.2242,208.0000,73.7000,1,2,0,0,0,0
halfward,reference,duel-c1,16,win,40.3333,11.2400,0.1183,95.0000,83.7600,0,2,3,0,0,0
halfward,reference,duel-c15,16,loss,56.0167,0.0000,0.0000,95.0000,95.0000,0,2,5,0,1,1
halfward,reference,wave1,17,win,39.9500,13.0000,0.1368,208.0000,82.0000,1,2,0,0,0,0
halfward,reference,duel-c1,17,win,47.3667,32.0400,0.3373,95.0000,62.9600,0,2,4,0,0,0
halfward,reference,duel-c15,17,win,36.0667,28.2640,0.2975,95.0000,66.7360,0,2,3,0,0,0
halfward,reference,wave1,18,win,38.5833,15.6000,0.1642,208.0000,79.4000,1,2,0,0,0,0
halfward,reference,duel-c1,18,win,26.4667,51.3040,0.5400,95.0000,43.6960,2,2,2,0,0,0
halfward,reference,duel-c15,18,loss,39.8167,0.0000,0.0000,94.3000,95.0000,0,2,3,0,0,0
halfward,reference,wave1,19,loss,38.7167,0.0000,0.0000,204.6000,95.0000,1,1,0,0,0,0
halfward,reference,duel-c1,19,win,50.3667,22.8720,0.2408,95.0000,72.1280,0,2,4,0,0,0
halfward,reference,duel-c15,19,win,50.8333,24.1520,0.2542,95.0000,70.8480,0,2,4,0,0,0
halfward,reference,wave1,20,win,37.5333,5.7000,0.0600,208.0000,89.3000,1,1,0,0,0,0
halfward,reference,duel-c1,20,win,62.4167,38.2160,0.4023,95.0000,56.7840,0,2,5,0,1,1
halfward,reference,duel-c15,20,win,53.0333,12.5200,0.1318,95.0000,82.4800,0,2,4,0,0,0
quarterward,reference,wave1,1,win,37.3000,6.5000,0.0684,208.0000,88.5000,1,2,0,0,0,0
quarterward,reference,duel-c1,1,win,50.1167,43.8000,0.4611,95.0000,51.2000,0,2,4,0,0,0
quarterward,reference,duel-c15,1,loss,38.9500,0.0000,0.0000,49.2000,95.0000,0,2,3,0,0,0
quarterward,reference,wave1,2,win,39.6333,26.9000,0.2832,208.0000,68.1000,1,1,0,0,0,0
quarterward,reference,duel-c1,2,win,42.6667,6.6640,0.0701,95.0000,88.3360,0,2,4,0,0,0
quarterward,reference,duel-c15,2,win,36.0667,31.3040,0.3295,95.0000,63.6960,0,2,3,0,0,0
quarterward,reference,wave1,3,win,37.6500,18.7000,0.1968,208.0000,76.3000,1,1,0,0,0,0
quarterward,reference,duel-c1,3,win,44.1833,28.2320,0.2972,95.0000,66.7680,0,2,4,0,0,0
quarterward,reference,duel-c15,3,win,40.4000,3.2400,0.0341,95.0000,91.7600,0,2,3,0,0,0
quarterward,reference,wave1,4,win,38.0167,13.0000,0.1368,208.0000,82.0000,1,1,0,0,0,0
quarterward,reference,duel-c1,4,win,45.4667,18.3920,0.1936,95.0000,76.6080,0,2,4,0,0,0
quarterward,reference,duel-c15,4,win,27.6667,51.9920,0.5473,95.0000,43.0080,0,2,2,0,0,0
quarterward,reference,wave1,5,win,40.0000,17.9000,0.1884,208.0000,77.1000,1,2,0,0,0,0
quarterward,reference,duel-c1,5,win,51.7167,46.1040,0.4853,95.0000,48.8960,0,2,4,0,0,0
quarterward,reference,duel-c15,5,win,43.2667,47.4480,0.4995,95.0000,47.5520,0,2,4,0,0,0
quarterward,reference,wave1,6,win,37.8500,29.9000,0.3147,208.0000,65.1000,1,1,0,0,0,0
quarterward,reference,duel-c1,6,loss,35.1333,0.0000,0.0000,82.0000,95.0000,0,2,3,0,0,0
quarterward,reference,duel-c15,6,win,33.0667,46.5040,0.4895,95.0000,48.4960,0,2,3,0,0,0
quarterward,reference,wave1,7,win,39.9000,3.3000,0.0347,208.0000,91.7000,1,2,0,0,0,0
quarterward,reference,duel-c1,7,win,41.6667,28.9520,0.3048,95.0000,66.0480,2,2,4,0,0,0
quarterward,reference,duel-c15,7,win,36.3167,48.0880,0.5062,95.0000,46.9120,0,2,3,0,0,0
quarterward,reference,wave1,8,win,38.8167,23.9000,0.2516,208.0000,71.1000,1,2,0,0,0,0
quarterward,reference,duel-c1,8,win,39.1667,24.2800,0.2556,95.0000,70.7200,0,2,3,0,0,0
quarterward,reference,duel-c15,8,win,36.0667,28.3280,0.2982,95.0000,66.6720,0,2,3,0,0,0
quarterward,reference,wave1,9,win,39.9333,23.0000,0.2421,208.0000,72.0000,1,1,0,0,0,0
quarterward,reference,duel-c1,9,win,25.8667,51.3040,0.5400,95.0000,43.6960,0,2,2,0,0,0
quarterward,reference,duel-c15,9,win,40.7167,25.2880,0.2662,95.0000,69.7120,0,2,3,0,0,0
quarterward,reference,wave1,10,win,39.9833,13.0000,0.1368,208.0000,82.0000,1,2,0,0,0,0
quarterward,reference,duel-c1,10,win,45.4667,16.7760,0.1766,95.0000,78.2240,0,2,4,0,0,0
quarterward,reference,duel-c15,10,win,32.7833,50.4880,0.5315,95.0000,44.5120,0,2,3,0,0,0
quarterward,reference,wave1,11,win,37.4167,18.0000,0.1895,208.0000,77.0000,1,2,0,0,0,0
quarterward,reference,duel-c1,11,win,52.1167,2.8560,0.0301,95.0000,92.1440,0,2,4,0,0,0
quarterward,reference,duel-c15,11,loss,56.0167,0.0000,0.0000,88.1500,95.0000,0,2,5,0,1,1
quarterward,reference,wave1,12,win,38.6833,6.2000,0.0653,208.0000,88.8000,1,2,0,0,0,0
quarterward,reference,duel-c1,12,win,28.1667,44.9840,0.4735,95.0000,50.0160,0,2,2,0,0,0
quarterward,reference,duel-c15,12,win,42.9667,14.8240,0.1560,95.0000,80.1760,0,2,4,0,0,0
quarterward,reference,wave1,13,win,39.6167,12.0000,0.1263,208.0000,83.0000,1,2,0,0,0,0
quarterward,reference,duel-c1,13,win,49.3333,18.1040,0.1906,95.0000,76.8960,0,3,4,0,0,0
quarterward,reference,duel-c15,13,win,44.1667,26.1040,0.2748,95.0000,68.8960,0,2,4,0,0,0
quarterward,reference,wave1,14,win,39.7333,1.6000,0.0168,208.0000,93.4000,1,2,0,0,0,0
quarterward,reference,duel-c1,14,win,53.6333,20.3280,0.2140,95.0000,74.6720,0,2,4,0,0,0
quarterward,reference,duel-c15,14,win,43.2667,37.5920,0.3957,95.0000,57.4080,0,2,4,0,0,0
quarterward,reference,wave1,15,win,39.7667,25.0000,0.2632,208.0000,70.0000,1,2,0,0,0,0
quarterward,reference,duel-c1,15,win,30.0000,45.2880,0.4767,95.0000,49.7120,0,2,3,0,0,0
quarterward,reference,duel-c15,15,loss,56.0167,0.0000,0.0000,86.1000,95.0000,0,2,5,0,1,1
quarterward,reference,wave1,16,win,37.8833,21.3000,0.2242,208.0000,73.7000,1,2,0,0,0,0
quarterward,reference,duel-c1,16,win,40.3333,11.2400,0.1183,95.0000,83.7600,0,2,3,0,0,0
quarterward,reference,duel-c15,16,loss,56.0167,0.0000,0.0000,95.0000,95.0000,0,2,5,0,1,1
quarterward,reference,wave1,17,win,39.9500,13.0000,0.1368,208.0000,82.0000,1,2,0,0,0,0
quarterward,reference,duel-c1,17,win,47.3667,32.0400,0.3373,95.0000,62.9600,0,2,4,0,0,0
quarterward,reference,duel-c15,17,win,36.0667,28.2640,0.2975,95.0000,66.7360,0,2,3,0,0,0
quarterward,reference,wave1,18,win,38.9833,17.0000,0.1789,208.0000,78.0000,1,2,0,0,0,0
quarterward,reference,duel-c1,18,win,26.4667,51.3040,0.5400,95.0000,43.6960,2,2,2,0,0,0
quarterward,reference,duel-c15,18,loss,39.8167,0.0000,0.0000,94.3000,95.0000,0,2,3,0,0,0
quarterward,reference,wave1,19,win,39.9000,3.3000,0.0347,208.0000,91.7000,1,2,0,0,0,0
quarterward,reference,duel-c1,19,win,50.3667,22.8720,0.2408,95.0000,72.1280,0,2,4,0,0,0
quarterward,reference,duel-c15,19,win,50.8333,24.1520,0.2542,95.0000,70.8480,0,2,4,0,0,0
quarterward,reference,wave1,20,win,37.5333,5.7000,0.0600,208.0000,89.3000,1,1,0,0,0,0
quarterward,reference,duel-c1,20,win,62.4167,38.2160,0.4023,95.0000,56.7840,0,2,5,0,1,1
quarterward,reference,duel-c15,20,win,53.0333,12.5200,0.1318,95.0000,82.4800,0,2,4,0,0,0
baseline,eager-split,wave1,1,loss,23.2500,0.0000,0.0000,106.7500,95.0000,1,1,0,0,0,0
baseline,eager-split,duel-c1,1,win,29.4667,34.3600,0.3617,95.0000,60.6400,0,2,3,0,0,0
baseline,eager-split,duel-c15,1,loss,22.9167,0.0000,0.0000,61.5000,95.0000,0,2,3,0,0,0
baseline,eager-split,wave1,2,loss,15.8667,0.0000,0.0000,74.9000,95.0000,1,1,0,0,0,0
baseline,eager-split,duel-c1,2,win,26.1333,76.1400,0.8015,95.0000,18.8600,0,1,3,0,0,0
baseline,eager-split,duel-c15,2,win,29.9167,29.5200,0.3107,95.0000,65.4800,0,1,3,0,0,0
baseline,eager-split,wave1,3,loss,26.5667,0.0000,0.0000,124.2500,95.0000,1,1,0,0,0,0
baseline,eager-split,duel-c1,3,loss,32.3333,0.0000,0.0000,94.3000,95.0000,0,2,3,0,0,0
baseline,eager-split,duel-c15,3,win,29.3333,65.5600,0.6901,95.0000,29.4400,0,1,3,0,0,0
baseline,eager-split,wave1,4,loss,11.4500,0.0000,0.0000,50.3000,95.0000,1,1,0,0,0,0
baseline,eager-split,duel-c1,4,win,30.4667,2.8400,0.0299,95.0000,92.1600,0,2,3,0,0,0
baseline,eager-split,duel-c15,4,win,33.8167,0.0400,0.0004,95.0000,94.9600,0,2,3,0,0,0
baseline,eager-split,wave1,5,loss,15.6333,0.0000,0.0000,70.8000,95.0000,1,1,0,0,0,0
baseline,eager-split,duel-c1,5,win,28.4667,71.4400,0.7520,95.0000,23.5600,0,1,3,0,0,0
baseline,eager-split,duel-c15,5,win,32.6167,12.8600,0.1354,95.0000,82.1400,0,2,3,0,0,0
baseline,eager-split,wave1,6,loss,12.1500,0.0000,0.0000,52.3500,95.0000,1,1,0,0,0,0
baseline,eager-split,duel-c1,6,win,30.9000,0.5600,0.0059,95.0000,94.4400,0,2,3,0,0,0
baseline,eager-split,duel-c15,6,win,32.6167,36.4400,0.3836,95.0000,58.5600,0,2,3,0,0,0
baseline,eager-split,wave1,7,loss,22.9833,0.0000,0.0000,106.7500,95.0000,1,1,0,0,0,0
baseline,eager-split,duel-c1,7,win,34.1667,16.6400,0.1752,95.0000,78.3600,0,2,3,0,0,0
baseline,eager-split,duel-c15,7,loss,28.9333,0.0000,0.0000,86.1000,95.0000,0,2,3,0,0,0
baseline,eager-split,wave1,8,loss,23.2667,0.0000,0.0000,97.7300,95.0000,2,1,0,0,0,0
baseline,eager-split,duel-c1,8,win,25.4500,5.5600,0.0585,95.0000,89.4400,0,1,3,0,0,0
baseline,eager-split,duel-c15,8,win,33.5167,18.0200,0.1897,95.0000,76.9800,0,2,3,0,0,0
baseline,eager-split,wave1,9,loss,12.0500,0.0000,0.0000,54.4000,95.0000,1,1,0,0,0,0
baseline,eager-split,duel-c1,9,win,31.1500,2.8000,0.0295,95.0000,92.2000,0,2,3,0,0,0
baseline,eager-split,duel-c15,9,loss,25.6167,0.0000,0.0000,67.6500,95.0000,0,2,3,0,0,0
baseline,eager-split,wave1,10,loss,12.0500,0.0000,0.0000,54.4000,95.0000,1,1,0,0,0,0
baseline,eager-split,duel-c1,10,win,28.1667,75.2400,0.7920,95.0000,19.7600,0,1,3,0,0,0
baseline,eager-split,duel-c15,10,win,27.2667,34.0000,0.3579,95.0000,61.0000,0,1,3,0,0,0
baseline,eager-split,wave1,11,loss,12.0500,0.0000,0.0000,52.3500,95.0000,1,1,0,0,0,0
baseline,eager-split,duel-c1,11,win,31.4667,18.0400,0.1899,95.0000,76.9600,0,2,3,0,0,0
baseline,eager-split,duel-c15,11,win,28.1167,26.0200,0.2739,95.0000,68.9800,0,2,2,0,0,0
baseline,eager-split,wave1,12,loss,18.6500,0.0000,0.0000,84.2000,95.0000,1,1,0,0,0,0
baseline,eager-split,duel-c1,12,loss,23.1000,0.0000,0.0000,59.4500,95.0000,0,2,3,0,0,0
baseline,eager-split,duel-c15,12,win,33.8167,22.5200,0.2371,95.0000,72.4800,0,2,3,0,0,0
baseline,eager-split,wave1,13,loss,12.0500,0.0000,0.0000,54.4000,95.0000,1,1,0,0,0,0
baseline,eager-split,duel-c1,13,win,31.4667,30.9000,0.3253,95.0000,64.1000,0,2,3,0,0,0
baseline,eager-split,duel-c15,13,loss,22.2333,0.0000,0.0000,65.6000,95.0000,0,2,3,0,0,0
baseline,eager-split,wave1,14,loss,18.8000,0.0000,0.0000,81.3300,95.0000,2,1,0,0,0,0
baseline,eager-split,duel-c1,14,win,36.4667,8.6800,0.0914,95.0000,86.3200,0,2,3,0,0,0
baseline,eager-split,duel-c15,14,loss,25.5333,0.0000,0.0000,77.9000,95.0000,0,1,3,0,0,0
baseline,eager-split,wave1,15,loss,23.2000,0.0000,0.0000,101.8300,95.0000,2,1,0,0,0,0
baseline,eager-split,duel-c1,15,loss,31.9000,0.0000,0.0000,95.0000,95.0000,0,1,4,0,0,0
baseline,eager-split,duel-c15,15,win,26.7667,35.3800,0.3724,95.0000,59.6200,0,1,3,0,0,0
baseline,eager-split,wave1,16,loss,18.6500,0.0000,0.0000,81.3300,95.0000,2,1,0,0,0,0
baseline,eager-split,duel-c1,16,win,30.4667,28.8200,0.3034,95.0000,66.1800,0,2,3,0,0,0
baseline,eager-split,duel-c15,16,loss,23.7167,0.0000,0.0000,65.6000,95.0000,0,2,3,0,0,0
baseline,eager-split,wave1,17,loss,11.6833,0.0000,0.0000,52.3500,95.0000,1,1,0,0,0,0
baseline,eager-split,duel-c1,17,win,31.4667,52.2200,0.5497,95.0000,42.7800,0,2,3,0,0,0
baseline,eager-split,duel-c15,17,loss,29.6667,0.0000,0.0000,84.0500,95.0000,0,2,3,0,0,0
baseline,eager-split,wave1,18,loss,23.0500,0.0000,0.0000,101.8300,95.0000,2,1,0,0,0,0
baseline,eager-split,duel-c1,18,win,27.4667,42.3200,0.4455,95.0000,52.6800,0,1,3,0,0,0
baseline,eager-split,duel-c15,18,loss,26.9167,0.0000,0.0000,77.9000,95.0000,0,2,3,0,0,0
baseline,eager-split,wave1,19,loss,23.1000,0.0000,0.0000,108.8000,95.0000,1,1,0,0,0,0
baseline,eager-split,duel-c1,19,win,30.4667,39.5600,0.4164,95.0000,55.4400,0,2,3,0,0,0
baseline,eager-split,duel-c15,19,win,28.1167,20.1200,0.2118,95.0000,74.8800,0,1,3,0,0,0
baseline,eager-split,wave1,20,loss,21.9333,0.0000,0.0000,100.6000,95.0000,1,1,0,0,0,0
baseline,eager-split,duel-c1,20,win,30.4667,10.7600,0.1133,95.0000,84.2400,0,2,3,0,0,0
baseline,eager-split,duel-c15,20,win,31.1167,19.7600,0.2080,95.0000,75.2400,0,2,3,0,0,0
wide,eager-split,wave1,1,win,39.3833,8.6000,0.0905,208.0000,86.4000,1,2,0,0,0,0
wide,eager-split,duel-c1,1,win,50.1167,43.8000,0.4611,95.0000,51.2000,0,2,4,0,0,0
wide,eager-split,duel-c15,1,loss,38.9500,0.0000,0.0000,49.2000,95.0000,0,2,3,0,0,0
wide,eager-split,wave1,2,win,39.6333,16.9000,0.1779,208.0000,78.1000,1,1,0,0,0,0
wide,eager-split,duel-c1,2,win,42.6667,6.6640,0.0701,95.0000,88.3360,0,2,4,0,0,0
wide,eager-split,duel-c15,2,win,36.0667,31.3040,0.3295,95.0000,63.6960,0,2,3,0,0,0
wide,eager-split,wave1,3,win,37.6500,18.7000,0.1968,208.0000,76.3000,1,1,0,0,0,0
wide,eager-split,duel-c1,3,win,44.1833,28.2320,0.2972,95.0000,66.7680,0,2,4,0,0,0
wide,eager-split,duel-c15,3,win,40.4000,3.2400,0.0341,95.0000,91.7600,0,2,3,0,0,0
wide,eager-split,wave1,4,loss,34.2500,0.0000,0.0000,182.0500,95.0000,3,1,0,0,0,0
wide,eager-split,duel-c1,4,win,45.4667,18.3920,0.1936,95.0000,76.6080,0,2,4,0,0,0
wide,eager-split,duel-c15,4,win,27.6667,51.9920,0.5473,95.0000,43.0080,0,2,2,0,0,0
wide,eager-split,wave1,5,win,40.0000,17.9000,0.1884,208.0000,77.1000,1,2,0,0,0,0
wide,eager-split,duel-c1,5,win,51.7167,46.1040,0.4853,95.0000,48.8960,0,2,4,0,0,0
wide,eager-split,duel-c15,5,win,43.2667,47.4480,0.4995,95.0000,47.5520,0,2,4,0,0,0
wide,eager-split,wave1,6,win,40.0167,29.9000,0.3147,208.0000,65.1000,2,1,0,0,0,0
wide,eager-split,duel-c1,6,loss,35.1333,0.0000,0.0000,82.0000,95.0000,0,2,3,0,0,0
wide,eager-split,duel-c15,6,win,33.0667,46.5040,0.4895,95.0000,48.4960,0,2,3,0,0,0
wide,eager-split,wave1,7,win,41.8167,4.7000,0.0495,208.0000,90.3000,2,2,0,0,0,0
wide,eager-split,duel-c1,7,win,40.1667,1.2880,0.0136,95.0000,93.7120,5,1,3,0,0,0
wide,eager-split,duel-c15,7,win,36.3167,48.0880,0.5062,95.0000,46.9120,0,2,3,0,0,0
wide,eager-split,wave1,8,win,39.9333,26.0000,0.2737,208.0000,69.0000,2,1,0,0,0,0
wide,eager-split,duel-c1,8,win,39.1667,24.2800,0.2556,95.0000,70.7200,0,2,3,0,0,0
wide,eager-split,duel-c15,8,win,36.0667,28.3280,0.2982,95.0000,66.6720,0,2,3,0,0,0
wide,eager-split,wave1,9,win,39.9167,16.0000,0.1684,208.0000,79.0000,2,1,0,0,0,0
wide,eager-split,duel-c1,9,win,25.8667,51.3040,0.5400,95.0000,43.6960,0,2,2,0,0,0
wide,eager-split,duel-c15,9,win,40.7167,25.2880,0.2662,95.0000,69.7120,1,2,3,0,0,0
wide,eager-split,wave1,10,loss,34.2500,0.0000,0.0000,180.0000,95.0000,2,1,0,0,0,0
wide,eager-split,duel-c1,10,win,45.4667,16.7760,0.1766,95.0000,78.2240,0,2,4,0,0,0
wide,eager-split,duel-c15,10,win,32.7833,50.4880,0.5315,95.0000,44.5120,0,2,3,0,0,0
wide,eager-split,wave1,11,win,39.6167,1.0000,0.0105,208.0000,94.0000,3,1,0,0,0,0
wide,eager-split,duel-c1,11,win,52.1167,2.8560,0.0301,95.0000,92.1440,0,2,4,0,0,0
wide,eager-split,duel-c15,11,loss,56.0167,0.0000,0.0000,88.1500,95.0000,0,2,5,0,1,1
wide,eager-split,wave1,12,loss,26.4000,0.0000,0.0000,150.9000,95.0000,2,1,0,0,0,0
wide,eager-split,duel-c1,12,win,28.1667,44.9840,0.4735,95.0000,50.0160,0,2,2,0,0,0
wide,eager-split,duel-c15,12,win,42.9667,14.8240,0.1560,95.0000,80.1760,0,2,4,0,0,0
wide,eager-split,wave1,13,loss,27.9167,0.0000,0.0000,156.1000,95.0000,3,1,0,0,0,0
wide,eager-split,duel-c1,13,win,49.3333,18.1040,0.1906,95.0000,76.8960,0,3,4,0,0,0
wide,eager-split,duel-c15,13,win,44.1667,26.1040,0.2748,95.0000,68.8960,0,2,4,0,0,0
wide,eager-split,wave1,14,win,39.7333,1.6000,0.0168,208.0000,93.4000,1,2,0,0,0,0
wide,eager-split,duel-c1,14,win,53.6333,20.3280,0.2140,95.0000,74.6720,0,2,4,0,0,0
wide,eager-split,duel-c15,14,win,43.2667,37.5920,0.3957,95.0000,57.4080,0,2,4,0,0,0
wide,eager-split,wave1,15,win,41.0833,24.3000,0.2558,208.0000,70.7000,2,2,0,0,0,0
wide,eager-split,duel-c1,15,win,30.0000,45.2880,0.4767,95.0000,49.7120,0,2,3,0,0,0
wide,eager-split,duel-c15,15,loss,56.0167,0.0000,0.0000,86.1000,95.0000,0,2,5,0,1,1
wide,eager-split,wave1,16,win,41.8167,12.0000,0.1263,208.0000,83.0000,3,1,0,0,0,0
wide,eager-split,duel-c1,16,win,40.3333,11.2400,0.1183,95.0000,83.7600,0,2,3,0,0,0
wide,eager-split,duel-c15,16,loss,56.0167,0.0000,0.0000,95.0000,95.0000,0,2,5,0,1,1
wide,eager-split,wave1,17,loss,26.2833,0.0000,0.0000,146.8000,95.0000,3,1,0,0,0,0
wide,eager-split,duel-c1,17,win,47.3667,32.0400,0.3373,95.0000,62.9600,0,2,4,0,0,0
wide,eager-split,duel-c15,17,win,36.0667,28.2640,0.2975,95.0000,66.7360,0,2,3,0,0,0
wide,eager-split,wave1,18,win,42.0000,7.7000,0.0811,208.0000,87.3000,4,2,0,0,0,0
wide,eager-split,duel-c1,18,win,26.4667,52.1360,0.5488,95.0000,42.8640,5,1,2,0,0,0
wide,eager-split,duel-c15,18,loss,39.8167,0.0000,0.0000,94.3000,95.0000,0,2,3,0,0,0
wide,eager-split,wave1,19,win,41.8167,4.7000,0.0495,208.0000,90.3000,2,2,0,0,0,0
wide,eager-split,duel-c1,19,win,50.3667,22.8720,0.2408,95.0000,72.1280,0,2,4,0,0,0
wide,eager-split,duel-c15,19,win,50.8333,24.1520,0.2542,95.0000,70.8480,0,2,4,0,0,0
wide,eager-split,wave1,20,loss,26.2833,0.0000,0.0000,142.7000,95.0000,3,1,0,0,0,0
wide,eager-split,duel-c1,20,win,62.4167,38.2160,0.4023,95.0000,56.7840,0,2,5,0,1,1
wide,eager-split,duel-c15,20,win,53.1333,12.5200,0.1318,95.0000,82.4800,1,2,4,0,0,0
baseline,no-split,wave1,1,loss,14.4500,0.0000,0.0000,80.1000,95.0000,0,2,0,0,0,0
baseline,no-split,duel-c1,1,win,26.1333,44.7600,0.4712,95.0000,50.2400,0,2,3,0,0,0
baseline,no-split,duel-c15,1,loss,22.9167,0.0000,0.0000,63.5500,95.0000,0,2,3,0,0,0
baseline,no-split,wave1,2,loss,13.9000,0.0000,0.0000,78.0500,95.0000,0,2,0,0,0,0
baseline,no-split,duel-c1,2,win,25.6667,76.1400,0.8015,95.0000,18.8600,0,1,3,0,0,0
baseline,no-split,duel-c15,2,win,28.4167,50.3200,0.5297,95.0000,44.6800,0,1,3,0,0,0
baseline,no-split,wave1,3,loss,13.5167,0.0000,0.0000,76.0000,95.0000,0,2,0,0,0,0
baseline,no-split,duel-c1,3,loss,32.3333,0.0000,0.0000,95.0000,95.0000,0,2,3,0,0,0
baseline,no-split,duel-c15,3,win,28.4167,65.5600,0.6901,95.0000,29.4400,0,1,3,0,0,0
baseline,no-split,wave1,4,loss,13.6667,0.0000,0.0000,76.0000,95.0000,0,2,0,0,0,0
baseline,no-split,duel-c1,4,win,29.1667,2.8400,0.0299,95.0000,92.1600,0,2,3,0,0,0
baseline,no-split,duel-c15,4,win,32.6167,0.0400,0.0004,95.0000,94.9600,0,2,3,0,0,0
baseline,no-split,wave1,5,loss,13.5667,0.0000,0.0000,76.0000,95.0000,0,2,0,0,0,0
baseline,no-split,duel-c1,5,win,28.4667,71.4400,0.7520,95.0000,23.5600,0,1,3,0,0,0
baseline,no-split,duel-c15,5,win,30.9167,12.8600,0.1354,95.0000,82.1400,0,2,3,0,0,0
baseline,no-split,wave1,6,loss,13.5833,0.0000,0.0000,76.0000,95.0000,0,2,0,0,0,0
baseline,no-split,duel-c1,6,win,30.4667,10.9600,0.1154,95.0000,84.0400,0,2,3,0,0,0
baseline,no-split,duel-c15,6,win,31.1167,36.4400,0.3836,95.0000,58.5600,0,2,3,0,0,0
baseline,no-split,wave1,7,loss,13.5167,0.0000,0.0000,76.0000,95.0000,0,2,0,0,0,0
baseline,no-split,duel-c1,7,win,32.1667,16.6400,0.1752,95.0000,78.3600,0,2,3,0,0,0
baseline,no-split,duel-c15,7,loss,28.9333,0.0000,0.0000,94.3000,95.0000,0,2,3,0,0,0
baseline,no-split,wave1,8,loss,15.9000,0.0000,0.0000,86.2500,95.0000,0,2,0,0,0,0
baseline,no-split,duel-c1,8,win,25.4667,5.5600,0.0585,95.0000,89.4400,0,1,3,0,0,0
baseline,no-split,duel-c15,8,win,33.5167,18.0200,0.1897,95.0000,76.9800,0,2,3,0,0,0
baseline,no-split,wave1,9,loss,13.6000,0.0000,0.0000,76.0000,95.0000,0,2,0,0,0,0
baseline,no-split,duel-c1,9,win,31.3833,2.8000,0.0295,95.0000,92.2000,0,2,3,0,0,0
baseline,no-split,duel-c15,9,loss,25.6167,0.0000,0.0000,73.8000,95.0000,0,2,3,0,0,0
baseline,no-split,wave1,10,loss,13.6000,0.0000,0.0000,74.9000,95.0000,0,2,0,0,0,0
baseline,no-split,duel-c1,10,win,26.4333,75.2400,0.7920,95.0000,19.7600,0,1,3,0,0,0
baseline,no-split,duel-c15,10,win,27.8667,50.1200,0.5276,95.0000,44.8800,0,2,3,0,0,0
baseline,no-split,wave1,11,loss,13.7667,0.0000,0.0000,78.0500,95.0000,0,2,0,0,0,0
baseline,no-split,duel-c1,11,win,31.4667,18.0400,0.1899,95.0000,76.9600,0,2,3,0,0,0
baseline,no-split,duel-c15,11,win,28.1667,26.0200,0.2739,95.0000,68.9800,0,2,2,0,0,0
baseline,no-split,wave1,12,loss,13.4000,0.0000,0.0000,76.0000,95.0000,0,2,0,0,0,0
baseline,no-split,duel-c1,12,loss,23.1000,0.0000,0.0000,63.5500,95.0000,0,2,3,0,0,0
baseline,no-split,duel-c15,12,win,31.1167,22.5200,0.2371,95.0000,72.4800,0,2,3,0,0,0
baseline,no-split,wave1,13,loss,13.3500,0.0000,0.0000,74.9000,95.0000,0,2,0,0,0,0
baseline,no-split,duel-c1,13,win,30.4667,41.3000,0.4347,95.0000,53.7000,0,2,3,0,0,0
baseline,no-split,duel-c15,13,loss,22.2333,0.0000,0.0000,67.6500,95.0000,0,2,3,0,0,0
baseline,no-split,wave1,14,loss,13.4833,0.0000,0.0000,76.0000,95.0000,0,2,0,0,0,0
baseline,no-split,duel-c1,14,win,35.1667,8.6800,0.0914,95.0000,86.3200,0,2,3,0,0,0
baseline,no-split,duel-c15,14,win,32.6167,6.0800,0.0640,95.0000,88.9200,0,2,3,0,0,0
baseline,no-split,wave1,15,loss,18.6667,0.0000,0.0000,96.5000,95.0000,0,2,0,0,0,0
baseline,no-split,duel-c1,15,win,34.1667,40.9200,0.4307,95.0000,54.0800,0,2,4,0,0,0
baseline,no-split,duel-c15,15,win,26.7667,35.3800,0.3724,95.0000,59.6200,0,1,3,0,0,0
baseline,no-split,wave1,16,loss,15.4667,0.0000,0.0000,84.2000,95.0000,0,2,0,0,0,0
baseline,no-split,duel-c1,16,win,30.4667,28.8200,0.3034,95.0000,66.1800,0,2,3,0,0,0
baseline,no-split,duel-c15,16,loss,23.7167,0.0000,0.0000,69.7000,95.0000,0,2,3,0,0,0
baseline,no-split,wave1,17,loss,13.6833,0.0000,0.0000,76.0000,95.0000,0,2,0,0,0,0
baseline,no-split,duel-c1,17,win,30.4667,52.2200,0.5497,95.0000,42.7800,0,2,3,0,0,0
baseline,no-split,duel-c15,17,loss,29.6667,0.0000,0.0000,94.3000,95.0000,0,2,3,0,0,0
baseline,no-split,wave1,18,loss,15.6833,0.0000,0.0000,84.2000,95.0000,0,2,0,0,0,0
baseline,no-split,duel-c1,18,win,26.1333,42.3200,0.4455,95.0000,52.6800,0,1,3,0,0,0
baseline,no-split,duel-c15,18,loss,26.9167,0.0000,0.0000,84.0500,95.0000,0,2,3,0,0,0
baseline,no-split,wave1,19,loss,13.5500,0.0000,0.0000,76.0000,95.0000,0,2,0,0,0,0
baseline,no-split,duel-c1,19,win,30.1667,39.5600,0.4164,95.0000,55.4400,0,2,3,0,0,0
baseline,no-split,duel-c15,19,win,27.3167,20.1200,0.2118,95.0000,74.8800,0,1,3,0,0,0
baseline,no-split,wave1,20,loss,13.5333,0.0000,0.0000,76.0000,95.0000,0,2,0,0,0,0
baseline,no-split,duel-c1,20,win,30.4667,10.7600,0.1133,95.0000,84.2400,0,2,3,0,0,0
baseline,no-split,duel-c15,20,win,29.9167,19.7600,0.2080,95.0000,75.2400,0,2,3,0,0,0
wide,no-split,wave1,1,win,34.2500,32.9000,0.3463,208.0000,62.1000,0,2,0,0,0,0
wide,no-split,duel-c1,1,win,50.1167,43.8000,0.4611,95.0000,51.2000,0,2,4,0,0,0
wide,no-split,duel-c15,1,loss,38.9500,0.0000,0.0000,49.2000,95.0000,0,2,3,0,0,0
wide,no-split,wave1,2,win,35.9000,40.2000,0.4232,208.0000,54.8000,0,2,0,0,0,0
wide,no-split,duel-c1,2,win,42.6667,6.6640,0.0701,95.0000,88.3360,0,2,4,0,0,0
wide,no-split,duel-c15,2,win,36.0667,31.3040,0.3295,95.0000,63.6960,0,2,3,0,0,0
wide,no-split,wave1,3,win,35.2667,20.9000,0.2200,208.0000,74.1000,0,2,0,0,0,0
wide,no-split,duel-c1,3,win,44.1833,28.2320,0.2972,95.0000,66.7680,0,2,4,0,0,0
wide,no-split,duel-c15,3,win,40.4000,3.2400,0.0341,95.0000,91.7600,0,2,3,0,0,0
wide,no-split,wave1,4,win,39.6167,39.2000,0.4126,208.0000,55.8000,0,3,0,0,0,0
wide,no-split,duel-c1,4,win,45.4667,18.3920,0.1936,95.0000,76.6080,0,2,4,0,0,0
wide,no-split,duel-c15,4,win,27.6667,51.9920,0.5473,95.0000,43.0080,0,2,2,0,0,0
wide,no-split,wave1,5,win,35.6000,27.9000,0.2937,208.0000,67.1000,0,2,0,0,0,0
wide,no-split,duel-c1,5,win,51.7167,46.1040,0.4853,95.0000,48.8960,0,2,4,0,0,0
wide,no-split,duel-c15,5,win,43.2667,47.4480,0.4995,95.0000,47.5520,0,2,4,0,0,0
wide,no-split,wave1,6,win,34.9833,44.3000,0.4663,208.0000,50.7000,0,2,0,0,0,0
wide,no-split,duel-c1,6,loss,35.1333,0.0000,0.0000,82.0000,95.0000,0,2,3,0,0,0
wide,no-split,duel-c15,6,win,33.0667,46.5040,0.4895,95.0000,48.4960,0,2,3,0,0,0
wide,no-split,wave1,7,win,35.5667,20.9000,0.2200,208.0000,74.1000,0,2,0,0,0,0
wide,no-split,duel-c1,7,win,41.6667,28.9520,0.3048,95.0000,66.0480,0,2,4,0,0,0
wide,no-split,duel-c15,7,win,36.3167,48.0880,0.5062,95.0000,46.9120,0,2,3,0,0,0
wide,no-split,wave1,8,win,33.2167,42.6000,0.4484,208.0000,52.4000,0,2,0,0,0,0
wide,no-split,duel-c1,8,win,39.1667,24.2800,0.2556,95.0000,70.7200,0,2,3,0,0,0
wide,no-split,duel-c15,8,win,36.0667,28.3280,0.2982,95.0000,66.6720,0,2,3,0,0,0
wide,no-split,wave1,9,win,35.2167,40.2000,0.4232,208.0000,54.8000,0,2,0,0,0,0
wide,no-split,duel-c1,9,win,25.8667,51.3040,0.5400,95.0000,43.6960,0,2,2,0,0,0
wide,no-split,duel-c15,9,win,40.7167,25.2880,0.2662,95.0000,69.7120,0,2,3,0,0,0
wide,no-split,wave1,10,win,39.6167,40.2000,0.4232,208.0000,54.8000,0,3,0,0,0,0
wide,no-split,duel-c1,10,win,45.4667,16.7760,0.1766,95.0000,78.2240,0,2,4,0,0,0
wide,no-split,duel-c15,10,win,32.7833,50.4880,0.5315,95.0000,44.5120,0,2,3,0,0,0
wide,no-split,wave1,11,win,37.7000,40.2000,0.4232,208.0000,54.8000,0,2,0,0,0,0
wide,no-split,duel-c1,11,win,52.0333,2.8560,0.0301,95.0000,92.1440,0,2,4,0,0,0
wide,no-split,duel-c15,11,loss,56.0167,0.0000,0.0000,92.2500,95.0000,0,2,5,0,1,1
wide,no-split,wave1,12,win,35.3500,21.6000,0.2274,208.0000,73.4000,0,2,0,0,0,0
wide,no-split,duel-c1,12,win,28.1667,44.9840,0.4735,95.0000,50.0160,0,2,2,0,0,0
wide,no-split,duel-c15,12,win,40.9833,14.8240,0.1560,95.0000,80.1760,0,2,4,0,0,0
wide,no-split,wave1,13,win,37.7500,39.5000,0.4158,208.0000,55.5000,0,2,0,0,0,0
wide,no-split,duel-c1,13,win,49.2500,18.1040,0.1906,95.0000,76.8960,0,3,4,0,0,0
wide,no-split,duel-c15,13,win,44.1667,26.1040,0.2748,95.0000,68.8960,0,2,4,0,0,0
wide,no-split,wave1,14,win,35.7167,38.9000,0.4095,208.0000,56.1000,0,2,0,0,0,0
wide,no-split,duel-c1,14,win,53.0000,20.3280,0.2140,95.0000,74.6720,0,2,4,0,0,0
wide,no-split,duel-c15,14,win,43.2667,37.5920,0.3957,95.0000,57.4080,0,2,4,0,0,0
wide,no-split,wave1,15,win,34.0500,28.9000,0.3042,208.0000,66.1000,0,2,0,0,0,0
wide,no-split,duel-c1,15,win,30.0000,45.2880,0.4767,95.0000,49.7120,0,2,3,0,0,0
wide,no-split,duel-c15,15,loss,56.0167,0.0000,0.0000,86.1000,95.0000,0,2,5,0,1,1
wide,no-split,wave1,16,win,34.1833,41.6000,0.4379,208.0000,53.4000,0,2,0,0,0,0
wide,no-split,duel-c1,16,win,40.3333,11.2400,0.1183,95.0000,83.7600,0,2,3,0,0,0
wide,no-split,duel-c15,16,loss,56.0167,0.0000,0.0000,95.0000,95.0000,0,2,5,0,1,1
wide,no-split,wave1,17,win,37.7000,39.2000,0.4126,208.0000,55.8000,0,2,0,0,0,0
wide,no-split,duel-c1,17,win,47.3667,32.0400,0.3373,95.0000,62.9600,0,2,4,0,0,0
wide,no-split,duel-c15,17,win,36.0667,28.2640,0.2975,95.0000,66.7360,0,2,3,0,0,0
wide,no-split,wave1,18,win,37.4500,35.9000,0.3779,208.0000,59.1000,0,2,0,0,0,0
wide,no-split,duel-c1,18,win,26.4667,51.3040,0.5400,95.0000,43.6960,0,2,2,0,0,0
wide,no-split,duel-c15,18,win,37.5667,17.7680,0.1870,95.0000,77.2320,0,2,3,0,0,0
wide,no-split,wave1,19,win,35.5500,19.9000,0.2095,208.0000,75.1000,0,2,0,0,0,0
wide,no-split,duel-c1,19,win,50.2000,22.8720,0.2408,95.0000,72.1280,0,2,4,0,0,0
wide,no-split,duel-c15,19,win,50.2167,24.1520,0.2542,95.0000,70.8480,0,2,4,0,0,0
wide,no-split,wave1,20,win,37.9667,6.9000,0.0726,208.0000,88.1000,0,2,0,0,0,0
wide,no-split,duel-c1,20,win,62.4167,38.2160,0.4023,95.0000,56.7840,0,2,5,0,1,1
wide,no-split,duel-c15,20,win,52.8000,12.5200,0.1318,95.0000,82.4800,0,2,4,0,0,0
baseline,no-plant,wave1,1,loss,11.4167,0.0000,0.0000,49.4800,95.0000,5,0,0,0,0,0
baseline,no-plant,duel-c1,1,loss,25.8500,0.0000,0.0000,86.1000,95.0000,0,0,3,0,0,0
baseline,no-plant,duel-c15,1,loss,23.1333,0.0000,0.0000,75.8500,95.0000,0,0,3,0,0,0
baseline,no-plant,wave1,2,loss,8.9000,0.0000,0.0000,34.5400,95.0000,4,0,0,0,0,0
baseline,no-plant,duel-c1,2,win,27.4667,19.4000,0.2042,95.0000,75.6000,0,0,3,0,0,0
baseline,no-plant,duel-c15,2,loss,23.9000,0.0000,0.0000,75.8500,95.0000,0,0,3,0,0,0
baseline,no-plant,wave1,3,win,44.0667,41.1000,0.4326,208.0000,53.9000,2,0,0,0,0,0
baseline,no-plant,duel-c1,3,loss,21.8000,0.0000,0.0000,61.5000,95.0000,0,0,3,0,0,0
baseline,no-plant,duel-c15,3,win,27.2000,35.0000,0.3684,95.0000,60.0000,1,0,3,0,0,0
baseline,no-plant,wave1,4,loss,9.3500,0.0000,0.0000,38.0000,95.0000,4,0,0,0,0,0
baseline,no-plant,duel-c1,4,loss,19.7667,0.0000,0.0000,55.3500,95.0000,2,0,3,0,0,0
baseline,no-plant,duel-c15,4,loss,20.0000,0.0000,0.0000,49.2000,95.0000,0,0,3,0,0,0
baseline,no-plant,wave1,5,loss,11.1833,0.0000,0.0000,48.2500,95.0000,4,0,0,0,0,0
baseline,no-plant,duel-c1,5,win,29.1667,44.2000,0.4653,95.0000,50.8000,0,0,3,0,0,0
baseline,no-plant,duel-c15,5,loss,23.7333,0.0000,0.0000,75.8500,95.0000,0,0,3,0,0,0
baseline,no-plant,wave1,6,loss,10.8500,0.0000,0.0000,46.2000,95.0000,4,0,0,0,0,0
baseline,no-plant,duel-c1,6,win,27.4667,25.8000,0.2716,95.0000,69.2000,0,0,3,0,0,0
baseline,no-plant,duel-c15,6,loss,23.1333,0.0000,0.0000,71.7500,95.0000,0,0,3,0,0,0
baseline,no-plant,wave1,7,win,44.1000,7.1000,0.0747,208.0000,87.9000,2,0,0,0,0,0
baseline,no-plant,duel-c1,7,loss,16.8500,0.0000,0.0000,43.0500,95.0000,0,0,3,0,0,0
baseline,no-plant,duel-c15,7,win,28.4167,3.8000,0.0400,95.0000,91.2000,0,0,3,0,0,0
baseline,no-plant,wave1,8,loss,8.9000,0.0000,0.0000,40.0500,95.0000,4,0,0,0,0,0
baseline,no-plant,duel-c1,8,loss,27.8500,0.0000,0.0000,92.2500,95.0000,0,0,3,0,0,0
baseline,no-plant,duel-c15,8,loss,23.7667,0.0000,0.0000,69.7000,95.0000,0,0,3,0,0,0
baseline,no-plant,wave1,9,loss,9.2500,0.0000,0.0000,40.0500,95.0000,4,0,0,0,0,0
baseline,no-plant,duel-c1,9,loss,15.8833,0.0000,0.0000,32.8000,95.0000,0,0,3,0,0,0
baseline,no-plant,duel-c15,9,loss,12.7000,0.0000,0.0000,16.4000,95.0000,0,0,3,0,0,0
baseline,no-plant,wave1,10,loss,11.0333,0.0000,0.0000,48.2500,95.0000,4,0,0,0,0,0
baseline,no-plant,duel-c1,10,loss,25.3000,0.0000,0.0000,77.9000,95.0000,0,0,3,0,0,0
baseline,no-plant,duel-c15,10,loss,16.9833,0.0000,0.0000,47.1500,95.0000,0,0,3,0,0,0
baseline,no-plant,wave1,11,loss,9.1833,0.0000,0.0000,38.0000,95.0000,5,0,0,0,0,0
baseline,no-plant,duel-c1,11,loss,25.8167,0.0000,0.0000,79.9500,95.0000,0,0,3,0,0,0
baseline,no-plant,duel-c15,11,loss,9.8000,0.0000,0.0000,18.4500,95.0000,0,0,2,0,0,0
baseline,no-plant,wave1,12,win,44.1167,48.1000,0.5063,208.0000,46.9000,1,0,0,0,0,0
baseline,no-plant,duel-c1,12,win,29.1000,14.2000,0.1495,95.0000,80.8000,0,0,3,0,0,0
baseline,no-plant,duel-c15,12,loss,13.4833,0.0000,0.0000,36.9000,95.0000,0,0,2,0,0,0
baseline,no-plant,wave1,13,loss,11.2667,0.0000,0.0000,54.4000,95.0000,1,0,0,0,0,0
baseline,no-plant,duel-c1,13,win,30.1667,3.8000,0.0400,95.0000,91.2000,0,0,3,0,0,0
baseline,no-plant,duel-c15,13,loss,11.0000,0.0000,0.0000,16.4000,95.0000,0,0,3,0,0,0
baseline,no-plant,wave1,14,win,41.9333,32.0000,0.3368,208.0000,63.0000,1,0,0,0,0,0
baseline,no-plant,duel-c1,14,win,28.1667,6.6000,0.0695,95.0000,88.4000,0,0,3,0,0,0
baseline,no-plant,duel-c15,14,loss,18.8500,0.0000,0.0000,51.2500,95.0000,0,0,3,0,0,0
baseline,no-plant,wave1,15,loss,11.4500,0.0000,0.0000,58.5000,95.0000,1,0,0,0,0,0
baseline,no-plant,duel-c1,15,win,26.2333,1.4000,0.0147,95.0000,93.6000,0,0,3,0,0,0
baseline,no-plant,duel-c15,15,win,25.8500,17.0000,0.1789,95.0000,78.0000,0,0,3,0,0,0
baseline,no-plant,wave1,16,loss,9.3000,0.0000,0.0000,39.2300,95.0000,5,0,0,0,0,0
baseline,no-plant,duel-c1,16,win,29.1667,24.6000,0.2589,95.0000,70.4000,0,0,3,0,0,0
baseline,no-plant,duel-c15,16,loss,21.9833,0.0000,0.0000,73.8000,95.0000,0,0,2,0,0,0
baseline,no-plant,wave1,17,loss,9.6000,0.0000,0.0000,42.1000,95.0000,4,0,0,0,0,0
baseline,no-plant,duel-c1,17,win,31.1667,14.2000,0.1495,95.0000,80.8000,0,0,3,0,0,0
baseline,no-plant,duel-c15,17,loss,15.1833,0.0000,0.0000,26.6500,95.0000,0,0,3,0,0,0
baseline,no-plant,wave1,18,loss,9.0000,0.0000,0.0000,37.8200,95.0000,5,0,0,0,0,0
baseline,no-plant,duel-c1,18,win,26.1333,54.6000,0.5747,95.0000,40.4000,0,0,3,0,0,0
baseline,no-plant,duel-c15,18,loss,11.9833,0.0000,0.0000,18.4500,95.0000,0,0,3,0,0,0
baseline,no-plant,wave1,19,win,46.2833,10.1000,0.1063,208.0000,84.9000,3,0,0,0,0,0
baseline,no-plant,duel-c1,19,loss,14.8333,0.0000,0.0000,28.7000,95.0000,0,0,3,0,0,0
baseline,no-plant,duel-c15,19,loss,21.0000,0.0000,0.0000,61.5000,95.0000,0,0,3,0,0,0
baseline,no-plant,wave1,20,win,41.9000,45.1000,0.4747,208.0000,49.9000,1,0,0,0,0,0
baseline,no-plant,duel-c1,20,win,28.4667,45.4000,0.4779,95.0000,49.6000,0,0,3,0,0,0
baseline,no-plant,duel-c15,20,loss,22.9167,0.0000,0.0000,69.7000,95.0000,0,0,3,0,0,0
wide,no-plant,wave1,1,loss,12.2667,0.0000,0.0000,62.6000,95.0000,5,0,0,0,0,0
wide,no-plant,duel-c1,1,loss,13.1167,0.0000,0.0000,26.6500,95.0000,0,0,1,0,0,0
wide,no-plant,duel-c15,1,loss,14.1667,0.0000,0.0000,10.2500,95.0000,0,0,1,0,0,0
wide,no-plant,wave1,2,loss,9.3500,0.0000,0.0000,44.1500,95.0000,5,0,0,0,0,0
wide,no-plant,duel-c1,2,loss,26.7000,0.0000,0.0000,53.3000,95.0000,0,0,2,0,0,0
wide,no-plant,duel-c15,2,loss,21.4833,0.0000,0.0000,32.8000,95.0000,0,0,2,0,0,0
wide,no-plant,wave1,3,win,40.1500,57.2000,0.6021,208.0000,37.8000,5,0,0,0,0,0
wide,no-plant,duel-c1,3,loss,29.8500,0.0000,0.0000,47.1500,95.0000,0,0,3,0,0,0
wide,no-plant,duel-c15,3,loss,20.9500,0.0000,0.0000,41.0000,95.0000,0,0,2,0,0,0
wide,no-plant,wave1,4,loss,9.3500,0.0000,0.0000,44.1500,95.0000,5,0,0,0,0,0
wide,no-plant,duel-c1,4,loss,12.6667,0.0000,0.0000,30.7500,95.0000,2,0,1,0,0,0
wide,no-plant,duel-c15,4,loss,20.0500,0.0000,0.0000,51.2500,95.0000,0,0,2,0,0,0
wide,no-plant,wave1,5,loss,11.4167,0.0000,0.0000,58.5000,95.0000,5,0,0,0,0,0
wide,no-plant,duel-c1,5,win,38.5333,44.2000,0.4653,95.0000,50.8000,0,0,3,0,0,0
wide,no-plant,duel-c15,5,loss,34.5667,0.0000,0.0000,49.2000,95.0000,0,0,3,0,0,0
wide,no-plant,wave1,6,loss,11.4833,0.0000,0.0000,58.5000,95.0000,6,0,0,0,0,0
wide,no-plant,duel-c1,6,loss,33.8000,0.0000,0.0000,59.4500,95.0000,0,0,3,0,0,0
wide,no-plant,duel-c15,6,loss,16.1333,0.0000,0.0000,22.5500,95.0000,0,0,2,0,0,0
wide,no-plant,wave1,7,win,41.9000,13.1000,0.1379,208.0000,81.9000,6,0,0,0,0,0
wide,no-plant,duel-c1,7,loss,22.8000,0.0000,0.0000,22.5500,95.0000,0,0,2,0,0,0
wide,no-plant,duel-c15,7,loss,39.5500,0.0000,0.0000,84.0500,95.0000,0,0,3,0,0,0
wide,no-plant,wave1,8,loss,9.4333,0.0000,0.0000,48.2500,95.0000,5,0,0,0,0,0
wide,no-plant,duel-c1,8,loss,17.1500,0.0000,0.0000,24.6000,95.0000,0,0,2,0,0,0
wide,no-plant,duel-c15,8,loss,18.9833,0.0000,0.0000,34.8500,95.0000,0,0,2,0,0,0
wide,no-plant,wave1,9,loss,9.5833,0.0000,0.0000,48.2500,95.0000,5,0,0,0,0,0
wide,no-plant,duel-c1,9,loss,14.8333,0.0000,0.0000,16.4000,95.0000,0,0,2,0,0,0
wide,no-plant,duel-c15,9,loss,13.2167,0.0000,0.0000,20.5000,95.0000,0,0,1,0,0,0
wide,no-plant,wave1,10,loss,11.5167,0.0000,0.0000,58.5000,95.0000,5,0,0,0,0,0
wide,no-plant,duel-c1,10,loss,29.5667,0.0000,0.0000,73.8000,95.0000,0,0,3,0,0,0
wide,no-plant,duel-c15,10,loss,13.1833,0.0000,0.0000,18.4500,95.0000,0,0,1,0,0,0
wide,no-plant,wave1,11,loss,9.4500,0.0000,0.0000,46.2000,95.0000,5,0,0,0,0,0
wide,no-plant,duel-c1,11,loss,27.9167,0.0000,0.0000,73.8000,95.0000,0,0,2,0,0,0
wide,no-plant,duel-c15,11,loss,9.8000,0.0000,0.0000,14.3500,95.0000,0,0,1,0,0,0
wide,no-plant,wave1,12,win,40.9667,48.1000,0.5063,208.0000,46.9000,5,0,0,0,0,0
wide,no-plant,duel-c1,12,loss,36.8500,0.0000,0.0000,49.2000,95.0000,0,0,3,0,0,0
wide,no-plant,duel-c15,12,loss,13.6667,0.0000,0.0000,20.5000,95.0000,0,0,1,0,0,0
wide,no-plant,wave1,13,loss,11.7833,0.0000,0.0000,60.5500,95.0000,1,0,0,0,0,0
wide,no-plant,duel-c1,13,loss,30.2167,0.0000,0.0000,67.6500,95.0000,0,0,3,0,0,0
wide,no-plant,duel-c15,13,loss,11.0000,0.0000,0.0000,12.3000,95.0000,0,0,1,0,0,0
wide,no-plant,wave1,14,win,39.7333,41.1000,0.4326,208.0000,53.9000,4,0,0,0,0,0
wide,no-plant,duel-c1,14,loss,16.6833,0.0000,0.0000,22.5500,95.0000,0,0,2,0,0,0
wide,no-plant,duel-c15,14,loss,17.8667,0.0000,0.0000,28.7000,95.0000,0,0,2,0,0,0
wide,no-plant,wave1,15,loss,11.4500,0.0000,0.0000,60.5500,95.0000,1,0,0,0,0,0
wide,no-plant,duel-c1,15,loss,19.1833,0.0000,0.0000,36.9000,95.0000,0,0,2,0,0,0
wide,no-plant,duel-c15,15,loss,18.2333,0.0000,0.0000,36.9000,95.0000,0,0,2,0,0,0
wide,no-plant,wave1,16,loss,9.5000,0.0000,0.0000,46.2000,95.0000,6,0,0,0,0,0
wide,no-plant,duel-c1,16,loss,18.1833,0.0000,0.0000,41.0000,95.0000,0,0,2,0,0,0
wide,no-plant,duel-c15,16,loss,15.9167,0.0000,0.0000,26.6500,95.0000,0,0,2,0,0,0
wide,no-plant,wave1,17,loss,11.4333,0.0000,0.0000,56.4500,95.0000,6,0,0,0,0,0
wide,no-plant,duel-c1,17,loss,33.9667,0.0000,0.0000,94.3000,95.0000,0,0,3,0,0,0
wide,no-plant,duel-c15,17,loss,13.2167,0.0000,0.0000,12.3000,95.0000,0,0,1,0,0,0
wide,no-plant,wave1,18,loss,9.4000,0.0000,0.0000,48.2500,95.0000,6,0,0,0,0,0
wide,no-plant,duel-c1,18,win,53.8667,2.6000,0.0274,95.0000,92.4000,0,0,4,0,0,0
wide,no-plant,duel-c15,18,loss,11.9667,0.0000,0.0000,20.5000,95.0000,0,0,1,0,0,0
wide,no-plant,wave1,19,win,41.8167,55.1000,0.5800,208.0000,39.9000,3,0,0,0,0,0
wide,no-plant,duel-c1,19,loss,11.1667,0.0000,0.0000,12.3000,95.0000,0,0,1,0,0,0
wide,no-plant,duel-c15,19,loss,12.7333,0.0000,0.0000,16.4000,95.0000,0,0,1,0,0,0
wide,no-plant,wave1,20,win,39.9667,55.1000,0.5800,208.0000,39.9000,1,0,0,0,0,0
wide,no-plant,duel-c1,20,win,53.7167,14.2000,0.1495,95.0000,80.8000,0,0,4,0,0,0
wide,no-plant,duel-c15,20,loss,20.8667,0.0000,0.0000,59.4500,95.0000,0,0,2,0,0,0
