set,competence,seed,outcome,time_s,hp_frac,rival_hp_frac,rival_bound,phases_broken,phase2_s,phase3_s,signature,signature_s,player_tier,rival_tier,tempest_casts,tempest_loosed,tempest_blinked,tempest_hit,tempest_missed,walls,split_casts,plants
live,1.00,1,win,21.7667,0.9147,0.0000,1,2,7.3500,13.9167,1,13.9167,3,3,1,1,0,0,1,0,3,1
live,1.00,2,win,21.5667,0.6121,0.0000,1,2,6.8333,14.5000,1,14.5000,3,3,1,1,0,0,1,0,0,1
live,1.00,3,win,22.0667,0.1768,0.0000,1,2,6.8333,13.3000,1,13.3000,3,3,1,1,1,0,0,0,0,2
live,1.00,4,win,20.5667,0.4453,0.0000,1,2,7.0333,13.3833,1,13.3833,3,3,1,1,0,0,1,0,2,1
live,1.00,5,win,19.0667,0.9263,0.0000,1,2,6.9167,14.0000,1,14.0000,3,3,1,1,0,0,1,0,0,1
live,1.00,6,win,23.2667,0.8705,0.0000,1,2,7.9000,16.5333,1,16.5333,3,3,1,1,1,0,0,0,0,1
live,1.00,7,win,24.0667,0.2258,0.0000,1,2,7.4000,13.8833,1,13.8833,3,3,1,1,1,0,0,0,0,2
live,1.00,8,win,28.6333,0.5053,0.0000,1,2,7.4167,17.0833,1,17.0833,3,3,1,1,0,0,1,0,3,1
live,1.00,9,win,26.2667,0.2042,0.0000,1,2,8.4333,15.3167,1,15.3167,3,3,1,1,1,0,0,0,3,1
live,1.00,10,win,22.2333,0.8079,0.0000,1,2,7.9000,16.6167,1,16.6167,3,3,1,1,0,0,1,0,0,1
live,1.00,11,win,23.2667,0.1847,0.0000,1,2,7.0667,13.2000,1,13.2000,3,3,1,1,0,0,1,0,0,2
live,1.00,12,win,24.5667,0.5189,0.0000,1,2,7.2000,16.1000,1,16.1000,3,3,1,1,0,0,1,0,1,2
live,1.00,13,win,23.5667,0.4789,0.0000,1,2,7.4000,15.5500,1,15.5500,3,3,1,1,1,0,0,0,0,2
live,1.00,14,win,25.1667,0.2395,0.0000,1,2,7.9000,14.9833,1,14.9833,3,3,1,1,1,0,0,0,0,3
live,1.00,15,win,23.2667,0.4784,0.0000,1,2,7.1833,15.4833,1,15.4833,3,3,1,1,0,0,1,0,0,1
live,1.00,16,win,23.5667,0.2563,0.0000,1,2,7.4167,14.0500,1,14.0500,3,3,1,1,0,0,1,0,0,2
live,1.00,17,win,25.5667,0.0542,0.0000,1,2,7.4500,15.2167,1,15.2167,3,3,1,1,0,0,1,0,0,2
live,1.00,18,win,22.7667,0.7047,0.0000,1,2,8.1833,16.8667,1,16.8667,3,3,1,1,1,0,0,0,0,1
live,1.00,19,win,25.5667,0.3953,0.0000,1,2,7.9500,16.0667,1,16.0667,3,3,1,1,0,0,1,0,3,1
live,1.00,20,win,22.2667,0.5847,0.0000,1,2,6.8667,15.0500,1,15.0500,3,3,1,1,0,0,1,0,0,1
live,1.50,1,win,26.4167,0.2105,0.0000,1,2,6.9167,15.7000,1,15.7000,3,3,1,1,1,0,0,0,0,2
live,1.50,2,win,23.5667,0.5574,0.0000,1,2,7.2000,15.9333,1,15.9333,3,3,1,1,0,0,1,0,0,1
live,1.50,3,win,26.4167,0.3068,0.0000,1,2,7.2000,13.9833,1,13.9833,3,3,1,1,0,0,1,0,0,2
live,1.50,4,win,21.3167,0.6558,0.0000,1,2,6.6167,13.2667,1,13.2667,3,3,1,1,1,0,0,0,0,1
live,1.50,5,win,22.2333,0.8442,0.0000,1,2,7.0500,15.0333,1,15.0333,3,3,1,1,0,0,1,0,0,1
live,1.50,6,win,26.4167,0.3695,0.0000,1,2,7.5833,15.4167,1,15.4167,3,3,1,1,1,0,0,0,0,3
live,1.50,7,win,24.1667,0.3216,0.0000,1,2,8.0333,15.1833,1,15.1833,3,3,1,1,0,0,1,0,0,2
live,1.50,8,win,21.3167,0.6611,0.0000,1,2,7.7667,14.7167,1,14.7167,3,3,1,1,0,0,1,0,0,1
live,1.50,9,win,22.8167,0.5111,0.0000,1,2,7.5500,15.1000,1,15.1000,3,3,1,1,0,0,1,0,0,1
live,1.50,10,win,27.6167,0.3300,0.0000,1,2,7.9667,17.6167,1,17.6167,3,3,1,1,0,0,1,0,0,2
live,1.50,11,win,24.9167,0.3211,0.0000,1,2,8.0000,16.0167,1,16.0167,3,3,1,1,0,0,1,0,0,2
live,1.50,12,win,24.0167,0.8095,0.0000,1,2,7.6167,16.6000,1,16.6000,3,3,1,1,0,0,1,0,0,1
live,1.50,13,win,22.8167,0.4747,0.0000,1,2,7.0333,14.2667,1,14.2667,3,3,1,1,0,0,1,0,0,2
live,1.50,14,win,27.3833,0.3211,0.0000,1,2,6.8833,15.4833,1,15.4833,3,3,1,1,1,0,0,0,0,3
live,1.50,15,win,28.6333,0.2353,0.0000,1,2,7.6167,15.4167,1,15.4167,3,3,1,1,1,0,0,0,1,2
live,1.50,16,win,22.7667,0.3884,0.0000,1,2,7.0333,14.4500,1,14.4500,3,3,1,1,1,0,0,0,0,2
live,1.50,17,win,22.2333,0.5868,0.0000,1,2,7.0333,14.2833,1,14.2833,3,3,1,1,1,0,0,0,0,1
live,1.50,18,win,24.1667,0.2642,0.0000,1,2,7.8000,15.2167,1,15.2167,3,3,1,1,0,0,1,0,0,2
live,1.50,19,win,27.3000,0.3195,0.0000,1,2,7.2000,16.2500,1,16.2500,3,3,1,1,0,0,1,0,0,2
live,1.50,20,win,21.3167,0.6968,0.0000,1,2,7.0500,14.8000,1,14.8000,3,3,1,1,1,0,0,0,0,1
proposal,1.00,1,win,21.0667,0.9107,0.0000,1,2,7.0667,13.1167,1,13.1167,3,3,1,1,0,0,1,0,3,1
proposal,1.00,2,win,20.2667,0.6244,0.0000,1,2,6.8333,13.8833,1,13.8833,3,3,1,1,0,0,1,0,0,1
proposal,1.00,3,win,18.9667,0.6880,0.0000,1,2,6.8333,13.0333,1,13.0333,3,3,1,1,1,0,0,0,1,1
proposal,1.00,4,win,18.7667,0.9107,0.0000,1,2,7.0333,12.5167,1,12.5167,3,3,1,1,0,0,1,0,0,1
proposal,1.00,5,win,21.2667,0.8451,0.0000,1,2,6.9167,13.6500,1,13.6500,3,3,1,1,0,0,1,0,0,1
proposal,1.00,6,win,19.7667,0.9015,0.0000,1,2,7.9000,14.1000,1,14.1000,3,3,1,1,0,0,1,0,0,1
proposal,1.00,7,win,20.0667,0.7259,0.0000,1,2,7.4000,13.8667,1,13.8667,3,3,1,1,0,0,1,0,0,1
proposal,1.00,8,win,20.5667,0.8251,0.0000,1,2,7.1167,13.5833,1,13.5833,3,3,1,1,0,0,1,0,3,1
proposal,1.00,9,win,23.5667,0.7891,0.0000,1,2,8.1333,14.3333,1,14.3333,3,3,1,1,1,0,0,0,3,1
proposal,1.00,10,win,21.1667,0.9133,0.0000,1,2,7.9000,15.4000,1,15.4000,3,3,1,1,0,0,1,0,0,1
proposal,1.00,11,win,21.2667,0.5331,0.0000,1,2,7.0667,12.0000,1,12.0000,3,3,1,1,0,0,1,0,0,2
proposal,1.00,12,win,21.7000,0.5364,0.0000,1,2,7.2000,13.1167,1,13.1167,3,3,1,1,1,0,0,0,0,2
proposal,1.00,13,win,21.5667,0.6295,0.0000,1,2,7.4000,15.0167,1,15.0167,3,3,1,1,0,0,1,0,0,1
proposal,1.00,14,win,21.2667,0.9149,0.0000,1,2,7.9000,13.0833,1,13.0833,3,3,1,1,0,0,1,0,0,1
proposal,1.00,15,win,19.5667,0.7591,0.0000,1,2,7.1833,13.6667,1,13.6667,3,3,1,1,0,0,1,0,1,1
proposal,1.00,16,win,20.0667,0.6076,0.0000,1,2,7.4167,13.9167,1,13.9167,3,3,1,1,0,0,1,0,0,1
proposal,1.00,17,win,20.7667,0.6092,0.0000,1,2,7.4500,13.9333,1,13.9333,3,3,1,1,0,0,1,0,1,1
proposal,1.00,18,win,21.7667,0.7895,0.0000,1,2,8.1833,14.3500,1,14.3500,3,3,1,1,1,0,0,0,0,1
proposal,1.00,19,win,21.2667,0.8733,0.0000,1,2,7.4000,14.1500,1,14.1500,3,3,1,1,0,0,1,0,3,1
proposal,1.00,20,win,20.5667,0.9116,0.0000,1,2,6.8667,13.6167,1,13.6167,3,3,1,1,1,0,0,0,1,1
proposal,1.50,1,win,19.6667,0.6451,0.0000,1,2,6.9167,13.4000,1,13.4000,3,3,1,1,0,0,1,0,0,1
proposal,1.50,2,win,20.4167,0.5006,0.0000,1,2,7.2000,13.6667,1,13.6667,3,3,1,1,0,0,1,0,0,1
proposal,1.50,3,win,18.7667,0.5331,0.0000,1,2,7.2000,12.5667,1,12.5667,3,3,1,1,0,0,1,0,0,2
proposal,1.50,4,win,21.3167,0.5187,0.0000,1,2,6.6167,13.1000,1,13.1000,3,3,1,1,1,0,0,0,0,1
proposal,1.50,5,win,21.0167,0.6261,0.0000,1,2,7.0500,13.2500,1,13.2500,3,3,1,1,1,0,0,0,0,1
proposal,1.50,6,win,21.0167,0.7200,0.0000,1,2,7.5833,14.0500,1,14.0500,3,3,1,1,1,0,0,0,0,1
proposal,1.50,7,win,21.5667,0.6211,0.0000,1,2,8.0333,14.7833,1,14.7833,3,3,1,1,0,0,1,0,0,1
proposal,1.50,8,win,20.4167,0.7979,0.0000,1,2,7.7667,13.9500,1,13.9500,3,3,1,1,0,0,1,0,0,1
proposal,1.50,9,win,21.3167,0.8143,0.0000,1,2,7.5500,13.2667,1,13.2667,3,3,1,1,1,0,0,0,0,1
proposal,1.50,10,win,21.3167,0.6345,0.0000,1,2,7.9667,14.7500,1,14.7500,3,3,1,1,1,0,0,0,0,1
proposal,1.50,11,win,21.3167,0.6160,0.0000,1,2,8.0000,12.9000,1,12.9000,3,3,1,1,1,0,0,0,0,1
proposal,1.50,12,win,21.0167,0.6577,0.0000,1,2,7.6167,14.1000,1,14.1000,3,3,1,1,0,0,1,0,0,1
proposal,1.50,13,win,21.3167,0.7684,0.0000,1,2,7.0333,14.3500,1,14.3500,3,3,1,1,0,0,1,0,0,1
proposal,1.50,14,win,20.1167,0.9427,0.0000,1,2,6.8833,13.9000,1,13.9000,3,3,1,1,0,0,1,0,0,1
proposal,1.50,15,win,21.3167,0.6278,0.0000,1,2,7.6167,13.8167,1,13.8167,3,3,1,1,0,0,1,0,0,1
proposal,1.50,16,win,21.3167,0.4459,0.0000,1,2,7.0333,13.5167,1,13.5167,3,3,1,1,1,0,0,0,0,1
proposal,1.50,17,win,19.6667,0.7777,0.0000,1,2,7.0333,13.8167,1,13.8167,3,3,1,1,0,0,1,0,0,1
proposal,1.50,18,win,20.4167,0.7141,0.0000,1,2,7.8000,14.0000,1,14.0000,3,3,1,1,0,0,1,0,0,1
proposal,1.50,19,win,22.6667,0.8278,0.0000,1,2,7.2000,13.9500,1,13.9500,3,3,1,1,1,0,0,0,0,1
proposal,1.50,20,win,21.3167,0.9385,0.0000,1,2,7.0500,13.5333,1,13.5333,3,3,1,1,1,0,0,0,0,1
